timestamp,open,high,low,close,stablecoin,event_result,event_name,avg_hl,,,
1648857600,0.9999,1,0.9989,1,dai,none,N/A,0.99945,,,
1648944000,1,1,0.9989,0.999,dai,none,N/A,0.99945,,,"For wluna, there is a clearly visible drop in price after some negative events, so could be good to visualise"
1649030400,0.999,1,0.9989,0.9995,dai,none,N/A,0.99945,,,For ustc there are 2 negative events one after another in which the price drops massively
1649116800,0.9994,1,0.9987,0.9999,dai,none,N/A,0.99935,,,Basically negative events might result in big falls but positive events rarely result in large raises.
1649203200,0.9999,1,0.9988,0.9991,dai,none,N/A,0.9994,,,
1649289600,0.9992,1,0.9982,0.9995,dai,none,N/A,0.9991,,,"With dai, it's not super visible but the lines of best fit do show the expected trends, wouldn't probably use it though on its own"
1649376000,0.9995,1,0.9988,0.9997,dai,none,N/A,0.9994,,,Could possibly be good to showcase how different the changes might look - in some cases it's drastic and in others more minor
1649462400,0.9997,1,0.9987,0.9994,dai,none,N/A,0.99935,,,
1649548800,0.9994,1,0.9991,1,dai,none,N/A,0.99955,,,Same with usdc and pax
1649635200,1,1,0.9991,0.9994,dai,none,N/A,0.99955,,,
1649721600,0.9995,1,0.9984,0.9989,dai,none,N/A,0.9992,,,
1649808000,0.9989,1,0.9985,1,dai,none,N/A,0.99925,,,
1649894400,1,1,0.999,1,dai,none,N/A,0.9995,,,
1649980800,1,1,0.9991,1,dai,none,N/A,0.99955,,,
1650067200,1,1,0.999,1,dai,none,N/A,0.9995,,,
1650153600,0.9999,1,0.9991,0.9997,dai,none,N/A,0.99955,,,
1650240000,0.9997,1,0.9991,0.9997,dai,none,N/A,0.99955,,,
1650326400,0.9998,1,0.999,0.9999,dai,none,N/A,0.9995,,,
1650412800,0.9999,1,0.9991,0.9999,dai,none,N/A,0.99955,,,
1650499200,0.9999,1,0.9989,0.9996,dai,none,N/A,0.99945,,,
1650585600,0.9997,1,0.9989,0.9996,dai,none,N/A,0.99945,,,
1650672000,0.9996,1,0.9985,0.9998,dai,none,N/A,0.99925,,,
1650758400,0.9998,1,0.9988,0.9989,dai,none,N/A,0.9994,,,
1650844800,0.9989,1,0.9985,0.9994,dai,none,N/A,0.99925,,,
1650931200,0.9994,1,0.9983,0.9999,dai,none,N/A,0.99915,,,
1651017600,0.9998,1,0.9983,0.9999,dai,none,N/A,0.99915,,,
1651104000,0.9999,1,0.9989,0.9998,dai,none,N/A,0.99945,,,
1651190400,0.9998,1,0.9986,0.9997,dai,none,N/A,0.9993,,,
1651276800,0.9997,1,0.9983,0.9998,dai,none,N/A,0.99915,,,
1651363200,0.9998,1,0.9985,0.9996,dai,none,N/A,0.99925,,,
1651449600,0.9995,1,0.999,1,dai,none,N/A,0.9995,,,
1651536000,1,1,0.9989,0.9993,dai,none,N/A,0.99945,,,
1651622400,0.9994,1,0.9987,0.9999,dai,none,N/A,0.99935,,,
1651708800,1,1,0.999,1,dai,none,N/A,0.9995,,,
1651795200,1,1,0.9986,0.9998,dai,none,N/A,0.9993,,,
1651881600,0.9997,1,0.9986,1,dai,none,N/A,0.9993,,,
1651968000,1,1,0.999,0.9995,dai,none,N/A,0.9995,,,
1652054400,0.9995,1,0.9987,0.9996,dai,none,N/A,0.99935,,,
1652140800,0.9995,1,0.9965,0.9983,dai,none,N/A,0.99825,,,
1652227200,0.9988,1,0.9981,0.9999,dai,none,N/A,0.99905,,,
1652313600,0.9999,1,0.9942,1,dai,none,N/A,0.9971,,,
1652400000,1,1.01,0.9957,1,dai,none,N/A,1.00285,,,
1652486400,1,1,0.9988,0.9997,dai,none,N/A,0.9994,,,
1652572800,0.9996,1,0.9981,1,dai,none,N/A,0.99905,,,
1652659200,1,1,0.9993,1,dai,none,N/A,0.99965,,,
1652745600,1,1,0.9985,0.9997,dai,none,N/A,0.99925,,,
1652832000,0.9998,1,0.9988,1,dai,none,N/A,0.9994,,,
1652918400,1,1,0.9988,0.999,dai,none,N/A,0.9994,,,
1653004800,0.9991,1,0.9989,1,dai,none,N/A,0.99945,,,
1653091200,1,1,0.9994,0.9999,dai,none,N/A,0.9997,,,
1653177600,0.9999,1,0.9995,1,dai,none,N/A,0.99975,,,
1653264000,1,1,0.9996,1,dai,none,N/A,0.9998,,,
1653350400,1,1,0.9991,0.9998,dai,none,N/A,0.99955,,,
1653436800,0.9997,1,0.9981,1,dai,none,N/A,0.99905,,,
1653523200,1,1,0.9991,0.9996,dai,none,N/A,0.99955,,,
1653609600,0.9997,1,0.999,0.9997,dai,none,N/A,0.9995,,,
1653696000,0.9997,1,0.999,0.9995,dai,none,N/A,0.9995,,,
1653782400,1,1,0.9992,1,dai,none,N/A,0.9996,,,
1653868800,1,1,0.9993,1,dai,none,N/A,0.99965,,,
1653955200,1,1,0.9995,1,dai,none,N/A,0.99975,,,
1654041600,1,1,0.9991,1,dai,none,N/A,0.99955,,,
1654128000,1,1,0.9981,1,dai,none,N/A,0.99905,,,
1654214400,1,1,0.9993,1,dai,none,N/A,0.99965,,,
1654300800,1,1,0.9991,0.9999,dai,none,N/A,0.99955,,,
1654387200,0.9999,1,0.9992,1,dai,none,N/A,0.9996,,,
1654473600,1,1,0.9995,1,dai,none,N/A,0.99975,,,
1654560000,1,1,0.9994,0.9999,dai,none,N/A,0.9997,,,
1654646400,0.9999,1,0.9986,0.9999,dai,none,N/A,0.9993,,,
1654732800,0.9999,1,0.9991,1,dai,none,N/A,0.99955,,,
1654819200,0.9999,1,0.9992,1,dai,none,N/A,0.9996,,,
1654905600,0.9999,1,0.999,0.9994,dai,none,N/A,0.9995,,,
1654992000,0.9994,1,0.9985,0.9998,dai,none,N/A,0.99925,,,
1655078400,0.9997,1,0.9987,0.9999,dai,positive,TRON DAO RESERVE DEPLOYS Funds (700million deployed),0.99935,,,
1655164800,0.9999,1,0.9986,1,dai,none,N/A,0.9993,,,
1655251200,1,1,0.9989,1,dai,none,N/A,0.99945,,,
1655337600,1,1,0.9988,1,dai,none,N/A,0.9994,,,
1655424000,1,1,0.9988,1,dai,none,N/A,0.9994,,,
1655510400,1,1,0.9994,1,dai,none,N/A,0.9997,,,
1655596800,1,1,0.9984,1,dai,none,N/A,0.9992,,,
1655683200,1,1,0.9991,1,dai,none,N/A,0.99955,,,
1655769600,0.9999,1,0.9987,1,dai,none,N/A,0.99935,,,
1655856000,1,1,0.999,0.9998,dai,none,N/A,0.9995,,,
1655942400,0.9999,1,0.9983,0.9991,dai,none,N/A,0.99915,,,
1656028800,0.9991,1,0.9991,1,dai,none,N/A,0.99955,,,
1656115200,1,1,0.999,1,dai,none,N/A,0.9995,,,
1656201600,1,1,0.9992,1,dai,none,N/A,0.9996,,,
1656288000,1,1,0.9992,0.9996,dai,none,N/A,0.9996,,,
1656374400,0.9997,1,0.999,0.9992,dai,none,N/A,0.9995,,,
1656460800,0.9992,1,0.9989,0.9999,dai,none,N/A,0.99945,,,
1656547200,0.9999,1,0.9995,1,dai,none,N/A,0.99975,,,
1656633600,1,1,0.999,1,dai,none,N/A,0.9995,,,
1656720000,1,1,0.999,0.9999,dai,none,N/A,0.9995,,,
1656806400,0.9999,1,0.9991,1,dai,none,N/A,0.99955,,,
1656892800,1,1,0.9994,1,dai,none,N/A,0.9997,,,
1656979200,1,1,0.9993,1,dai,none,N/A,0.99965,,,
1657065600,1,1,0.9991,0.9999,dai,none,N/A,0.99955,,,
1657152000,0.9999,1,0.9994,1,dai,none,N/A,0.9997,,,
1657238400,1,1,0.9997,1,dai,none,N/A,0.99985,,,
1657324800,1,1,0.999,0.9996,dai,none,N/A,0.9995,,,
1657411200,0.9996,1,0.9992,0.9997,dai,none,N/A,0.9996,,,
1657497600,0.9997,1,0.9988,0.9995,dai,none,N/A,0.9994,,,
1657584000,0.9995,1,0.9988,0.9995,dai,none,N/A,0.9994,,,
1657670400,0.9994,1,0.999,0.9992,dai,none,N/A,0.9995,,,
1657756800,0.9992,1,0.9991,1,dai,none,N/A,0.99955,,,
1657843200,1,1,0.9992,0.9998,dai,none,N/A,0.9996,,,
1657929600,0.9997,1,0.9991,0.9999,dai,none,N/A,0.99955,,,
1658016000,0.9999,1,0.9989,0.9999,dai,none,N/A,0.99945,,,
1658102400,1,1,0.999,0.9993,dai,none,N/A,0.9995,,,
1658188800,0.9994,1,0.9987,1,dai,none,N/A,0.99935,,,
1658275200,1,1,0.9987,1,dai,none,N/A,0.99935,,,
1658361600,1,1,0.9983,0.9991,dai,none,N/A,0.99915,,,
1658448000,0.9992,1,0.9984,0.9999,dai,none,N/A,0.9992,,,
1658534400,1,1,0.9988,0.9999,dai,none,N/A,0.9994,,,
1658620800,0.9999,1,0.999,1,dai,none,N/A,0.9995,,,
1658707200,1,1,0.9992,0.9998,dai,none,N/A,0.9996,,,
1658793600,0.9998,1,0.9989,0.9993,dai,none,N/A,0.99945,,,
1658880000,0.9993,1,0.9987,1,dai,none,N/A,0.99935,,,
1658966400,1,1,0.999,0.9999,dai,none,N/A,0.9995,,,
1659052800,1,1,0.9988,0.999,dai,none,N/A,0.9994,,,
1659139200,0.9991,1,0.9984,0.9991,dai,none,N/A,0.9992,,,
1659225600,0.9992,1,0.9986,0.9994,dai,none,N/A,0.9993,,,
1659312000,0.9994,1,0.9988,0.9991,dai,none,N/A,0.9994,,,
1659398400,0.9992,1,0.9988,1,dai,none,N/A,0.9994,,,
1659484800,1,1,0.9983,0.9997,dai,none,N/A,0.99915,,,
1659571200,0.9995,1,0.9988,0.9997,dai,none,N/A,0.9994,,,
1659657600,0.9996,1,0.9985,1,dai,none,N/A,0.99925,,,
1659744000,1,1,0.999,1,dai,none,N/A,0.9995,,,
1659830400,1,1,0.999,0.9994,dai,none,N/A,0.9995,,,
1659916800,0.9995,1,0.9988,0.9991,dai,none,N/A,0.9994,,,
1660003200,0.9991,1,0.999,0.9997,dai,none,N/A,0.9995,,,
1660089600,0.9998,1,0.9985,1,dai,none,N/A,0.99925,,,
1660176000,1,1,0.9988,1,dai,negative,MakerDAO should seriously consider depegging DAI from USD — Founder,0.9994,,,
1660262400,1,1,0.9984,0.9996,dai,none,N/A,0.9992,,,
1660348800,0.9995,1,0.9984,0.9997,dai,none,N/A,0.9992,,,
1660435200,0.9998,1,0.9986,0.9996,dai,none,N/A,0.9993,,,
1660521600,0.9996,1,0.9981,0.9994,dai,none,N/A,0.99905,,,
1660608000,0.9995,1,0.9979,0.9996,dai,none,N/A,0.99895,,,
1660694400,0.9995,1,0.9981,0.9998,dai,none,N/A,0.99905,,,
1660780800,0.9998,1,0.9969,0.9994,dai,none,N/A,0.99845,,,
1660867200,0.9995,1,0.9985,0.9987,dai,none,N/A,0.99925,,,
1660953600,0.9985,1,0.9977,0.9989,dai,none,N/A,0.99885,,,
1661040000,0.9989,1,0.997,1,dai,none,N/A,0.9985,,,
1661126400,1,1,0.9987,0.9997,dai,none,N/A,0.99935,,,
1661212800,0.9999,1,0.9977,1,dai,none,N/A,0.99885,,,
1661299200,1,1,0.9986,0.9999,dai,none,N/A,0.9993,,,
1661385600,0.9999,1,0.9987,0.9995,dai,none,N/A,0.99935,,,
1661472000,0.9995,1,0.9991,1,dai,none,N/A,0.99955,,,
1661558400,1,1,0.998,0.9994,dai,none,N/A,0.999,,,
1661644800,0.9995,1,0.9974,1,dai,none,N/A,0.9987,,,
1661731200,1,1,0.9976,0.9987,dai,none,N/A,0.9988,,,
1661817600,0.9988,1,0.9988,0.9999,dai,none,N/A,0.9994,,,
1661904000,0.9999,1,0.9974,0.9991,dai,positive,MakerDAO Christensen Pushes Endgame Plan to Save DAI From Attack,0.9987,,,
1661990400,0.9992,1,0.9978,0.9996,dai,none,N/A,0.9989,,,
1662076800,0.9997,1,0.9971,0.9998,dai,none,N/A,0.99855,,,
1662163200,0.9998,1,0.9981,1,dai,none,N/A,0.99905,,,
1662249600,1,1,0.9983,1,dai,none,N/A,0.99915,,,
1662336000,1,1,0.9991,1,dai,none,N/A,0.99955,,,
1662422400,1,1,0.999,1,dai,none,N/A,0.9995,,,
1662508800,1,1,0.9977,0.9986,dai,none,N/A,0.99885,,,
1662595200,0.9986,1,0.9985,1,dai,none,N/A,0.99925,,,
1662681600,1,1,0.9986,1,dai,none,N/A,0.9993,,,
1662768000,1,1,0.999,0.9999,dai,none,N/A,0.9995,,,
1662854400,1,1,0.999,0.9997,dai,none,N/A,0.9995,,,
1662940800,0.9998,1,0.9984,1,dai,none,N/A,0.9992,,,
1663027200,1,1,0.9974,0.9998,dai,none,N/A,0.9987,,,
1663113600,0.9998,1,0.9966,0.9997,dai,none,N/A,0.9983,,,
1663200000,0.9985,1,0.9982,1,dai,none,N/A,0.9991,,,
1663286400,1,1,0.9982,0.9997,dai,none,N/A,0.9991,,,
1663372800,0.9998,1,0.9985,1,dai,none,N/A,0.99925,,,
1663459200,1,1,0.999,1,dai,none,N/A,0.9995,,,
1663545600,1,1,0.9986,0.9994,dai,none,N/A,0.9993,,,
1663632000,0.9992,1,0.998,0.9993,dai,none,N/A,0.999,,,
1663718400,0.9992,1,0.9986,0.9995,dai,none,N/A,0.9993,,,
1663804800,0.9995,1,0.9979,1,dai,none,N/A,0.99895,,,
1663891200,1,1,0.9986,0.9997,dai,none,N/A,0.9993,,,
1663977600,0.9995,1,0.999,1,dai,none,N/A,0.9995,,,
1664064000,1,1,0.9986,0.9996,dai,none,N/A,0.9993,,,
1664150400,0.9995,1,0.9985,0.9998,dai,none,N/A,0.99925,,,
1664236800,0.9998,1,0.9987,0.9999,dai,none,N/A,0.99935,,,
1664323200,1,1,0.9974,0.9998,dai,none,N/A,0.9987,,,
1664409600,0.9996,1,0.9982,0.9994,dai,none,N/A,0.9991,,,
1664496000,0.9995,1,0.9984,1,dai,none,N/A,0.9992,,,
1664582400,0.9999,1,0.9984,0.9998,dai,none,N/A,0.9992,,,
1664668800,0.9999,1,0.999,0.9995,dai,none,N/A,0.9995,,,
1664755200,0.9995,1,0.9986,0.9996,dai,none,N/A,0.9993,,,
1664841600,0.9998,1,0.999,1,dai,none,N/A,0.9995,,,
1664928000,1,1,0.9992,0.9999,dai,none,N/A,0.9996,,,
1665014400,0.9998,1,0.9989,0.9997,dai,positive,MakerDAO goes ahead with $500M investment in treasuries and bonds,0.99945,,,
1665100800,0.9998,1,0.9989,0.9995,dai,none,N/A,0.99945,,,
1665187200,0.9996,1,0.9984,0.9996,dai,none,N/A,0.9992,,,
1665273600,0.9997,1,0.9988,0.9998,dai,none,N/A,0.9994,,,
1665360000,0.9999,1,0.9991,0.9999,dai,none,N/A,0.99955,,,
1665446400,0.9999,1,0.9986,0.9993,dai,none,N/A,0.9993,,,
1665532800,0.9992,1,0.9987,0.9997,dai,none,N/A,0.99935,,,
1665619200,0.9997,1,0.9992,0.9993,dai,none,N/A,0.9996,,,
1665705600,0.9992,1,0.9984,0.9996,dai,none,N/A,0.9992,,,
1665792000,0.9997,1,0.9987,1,dai,none,N/A,0.99935,,,
1665878400,1,1,0.9991,0.9997,dai,none,N/A,0.99955,,,
1665964800,0.9996,1,0.9992,0.9998,dai,none,N/A,0.9996,,,
1666051200,0.9998,1,0.9991,0.9996,dai,none,N/A,0.99955,,,
1666137600,0.9996,1,0.9989,0.9997,dai,none,N/A,0.99945,,,
1666224000,0.9998,1,0.9988,1,dai,none,N/A,0.9994,,,
1666310400,0.9998,1,0.9988,0.9997,dai,none,N/A,0.9994,,,
1666396800,0.9997,1,0.9987,0.9999,dai,none,N/A,0.99935,,,
1666483200,0.9999,1,0.9991,0.9999,dai,none,N/A,0.99955,,,
1666569600,0.9999,1,0.999,1,dai,none,N/A,0.9995,,,
1666656000,1,1,0.9986,0.9997,dai,none,N/A,0.9993,,,
1666742400,0.9997,1,0.9984,0.9999,dai,none,N/A,0.9992,,,
1666828800,0.9998,1,0.9989,0.9998,dai,none,N/A,0.99945,,,
1666915200,0.9997,1,0.9985,0.9997,dai,none,N/A,0.99925,,,
1667001600,0.9997,1,0.9987,1,dai,none,N/A,0.99935,,,
1667088000,1,1,0.9991,1,dai,none,N/A,0.99955,,,
1667174400,1,1,0.9989,1,dai,none,N/A,0.99945,,,
1667260800,1,1,0.9983,0.9999,dai,none,N/A,0.99915,,,
1667347200,0.9999,1,0.999,0.9999,dai,none,N/A,0.9995,,,
1648857600,103.23,107.28,100.03,105.87,lunaterra,none,N/A,103.655,,,
1648944000,105.9,116.74,105.72,115.49,lunaterra,none,N/A,111.23,,,
1649030400,115.46,116.99,112.02,113.46,lunaterra,none,N/A,114.505,,,
1649116800,113.4,116.41,110.36,115.96,lunaterra,none,N/A,113.385,,,
1649203200,115.99,118.19,115.52,116.1,lunaterra,none,N/A,116.855,,,
1649289600,116.16,117.59,107.09,107.86,lunaterra,none,N/A,112.34,,,
1649376000,107.73,109.23,102.03,103.23,lunaterra,none,N/A,105.63,,,
1649462400,103.24,105.88,94.3,94.76,lunaterra,none,N/A,100.09,,,
1649548800,94.7,96.28,93.21,96.28,lunaterra,none,N/A,94.745,,,
1649635200,96.31,96.91,92.93,92.93,lunaterra,none,N/A,94.92,,,
1649721600,92.92,92.92,82.26,82.53,lunaterra,none,N/A,87.59,,,
1649808000,82.55,87.51,82.4,84.27,lunaterra,none,N/A,84.955,,,
1649894400,84.27,87.85,82.9,87.85,lunaterra,none,N/A,85.375,,,
1649980800,87.85,89.45,81.38,82.26,lunaterra,none,N/A,85.415,,,
1650067200,82.26,82.7,80.44,80.79,lunaterra,none,N/A,81.57,,,
1650153600,80.77,81.92,80.21,81.4,lunaterra,none,N/A,81.065,,,
1650240000,81.4,83.22,78.2,78.29,lunaterra,none,N/A,80.71,,,
1650326400,78.3,90.32,75.95,90.29,lunaterra,none,N/A,83.135,,,
1650412800,90.29,95.21,89.26,95.13,lunaterra,none,N/A,92.235,,,
1650499200,95.11,96.56,93.98,95.53,lunaterra,none,N/A,95.27,,,
1650585600,95.54,99.33,90.98,91.44,lunaterra,none,N/A,95.155,,,
1650672000,91.43,96.12,91.08,93.81,lunaterra,none,N/A,93.6,,,
1650758400,93.79,93.82,90.01,90.04,lunaterra,none,N/A,91.915,,,
1650844800,90.2,91.52,89.14,90.65,lunaterra,none,N/A,90.33,,,
1650931200,90.62,96.85,88.07,96.6,lunaterra,none,N/A,92.46,,,
1651017600,96.62,96.82,87.69,88.69,lunaterra,none,N/A,92.255,,,
1651104000,88.68,90.83,88.18,89.47,lunaterra,none,N/A,89.505,,,
1651190400,89.45,92.25,88.24,88.51,lunaterra,none,N/A,90.245,,,
1651276800,88.05,89.15,84.12,85.17,lunaterra,none,N/A,86.635,,,
1651363200,85.16,86.17,78.2,78.45,lunaterra,none,N/A,82.185,,,
1651449600,78.47,82.7,77.98,82.1,lunaterra,none,N/A,80.34,,,
1651536000,82.08,85.54,80.9,84.51,lunaterra,none,N/A,83.22,,,
1651622400,84.52,85.78,82.09,83.17,lunaterra,none,N/A,83.935,,,
1651708800,83.21,87.67,82.86,86.41,lunaterra,none,N/A,85.265,,,
1651795200,86.41,87.31,79.33,82.63,lunaterra,none,N/A,83.32,,,
1651881600,82.63,82.92,78.21,78.83,lunaterra,none,N/A,80.565,,,
1651968000,78.59,78.59,65.93,69,lunaterra,none,N/A,72.26,,,
1652054400,69.01,69.01,60.68,64,lunaterra,none,N/A,64.845,,,
1652140800,64.07,65.13,33.8,33.93,lunaterra,none,N/A,49.465,,,
1652227200,33.61,39.41,15.75,17.23,lunaterra,none,N/A,27.58,,,
1652313600,17.21,19.33,1.03,1.11,lunaterra,negative,LUNA Collapses by almost 99%,10.18,,,
1652400000,1.11,1.4,0.05101,0.1147,lunaterra,negative,Terra Halts Its Blockchain and Binance Suspends LUNA Trading,0.725505,,,
1652486400,0.1148,0.2309,0.00006565,0.000115,lunaterra,negative,LUNA essentially worthless (1/100th of a cent),0.115482825,,,
1652572800,0.000115,0.001652,0.00006128,0.000521,lunaterra,none,N/A,0.00085664,,,
1652659200,0.000521,0.0005822,0.0001611,0.0002258,lunaterra,negative,Luna Foundation Guard 80000 Bitcoin Lighter After Failing to Defend UST Peg,0.00037165,,,
1652745600,0.0002258,0.0002868,0.0001182,0.0001958,lunaterra,none,N/A,0.0002025,,,
1652832000,0.0001958,0.0002164,0.0001699,0.000191,lunaterra,none,N/A,0.00019315,,,
1652918400,0.0001909,0.0001957,0.0001449,0.0001499,lunaterra,none,N/A,0.0001703,,,
1653004800,0.0001499,0.0001549,0.00013,0.0001349,lunaterra,none,N/A,0.00014245,,,
1653091200,0.0001349,0.0001491,0.0001241,0.0001244,lunaterra,none,N/A,0.0001366,,,
1653177600,0.0001244,0.0001314,0.0001026,0.0001208,lunaterra,none,N/A,0.000117,,,
1653264000,0.0001208,0.0002286,0.0001204,0.0001915,lunaterra,none,N/A,0.0001745,,,
1653350400,0.0001915,0.0002168,0.0001563,0.0001598,lunaterra,none,N/A,0.00018655,,,
1653436800,0.0001598,0.0001809,0.0001499,0.0001757,lunaterra,none,N/A,0.0001654,,,
1653523200,0.0001758,0.0002186,0.0001636,0.000181,lunaterra,none,N/A,0.0001911,,,
1653609600,0.000181,0.0001825,0.0001181,0.0001352,lunaterra,none,N/A,0.0001503,,,
1653696000,0.0001352,0.0001402,0.0001105,0.0001193,lunaterra,none,N/A,0.00012535,,,
1653782400,0.0001228,0.0001374,0.00008295,0.00009369,lunaterra,none,N/A,0.000110175,,,
1653868800,0.00009369,0.0001359,0.00007663,0.0001015,lunaterra,none,N/A,0.000106265,,,
1653955200,0.0001015,0.0001861,0.00009842,0.0001273,lunaterra,none,N/A,0.00014226,,,
1654041600,0.0001273,0.0001297,0.0001013,0.000112,lunaterra,none,N/A,0.0001155,,,
1654128000,0.000112,0.000152,0.00009349,0.00009763,lunaterra,none,N/A,0.000122745,,,
1654214400,0.00009763,0.0001088,0.00009378,0.00009889,lunaterra,none,N/A,0.00010129,,,
1654300800,0.00009889,0.0001076,0.00008767,0.00009221,lunaterra,none,N/A,0.000097635,,,
1654387200,0.00009221,0.00009448,0.00008489,0.00008825,lunaterra,none,N/A,0.000089685,,,
1654473600,0.00008825,0.0001115,0.00007742,0.0001094,lunaterra,none,N/A,0.00009446,,,
1654560000,0.0001094,0.0001481,0.0001094,0.0001414,lunaterra,none,N/A,0.00012875,,,
1654646400,0.0001414,0.000173,0.00006442,0.00006442,lunaterra,none,N/A,0.00011871,,,
1654732800,0.00006442,0.0001032,0.00006428,0.00008674,lunaterra,none,N/A,0.00008374,,,
1654819200,0.00008675,0.00009792,0.00005832,0.0000774,lunaterra,none,N/A,0.00007812,,,
1654905600,0.0000774,0.00009177,0.00006313,0.00007089,lunaterra,none,N/A,0.00007745,,,
1654992000,0.00007089,0.00009813,0.00005893,0.00006908,lunaterra,none,N/A,0.00007853,,,
1655078400,0.00006908,0.00007972,0.00005956,0.00006885,lunaterra,none,N/A,0.00006964,,,
1655164800,0.00006885,0.00007442,0.00005447,0.00006145,lunaterra,none,N/A,0.000064445,,,
1655251200,0.00006145,0.00006661,0.00005272,0.0000637,lunaterra,none,N/A,0.000059665,,,
1655337600,0.0000637,0.00006667,0.00005071,0.00005968,lunaterra,none,N/A,0.00005869,,,
1655424000,0.00005968,0.00006614,0.00005092,0.00005438,lunaterra,none,N/A,0.00005853,,,
1655510400,0.00005438,0.00006455,0.00005038,0.0000607,lunaterra,none,N/A,0.000057465,,,
1655596800,0.0000607,0.00006458,0.00004357,0.00005692,lunaterra,none,N/A,0.000054075,,,
1655683200,0.00005692,0.00006537,0.00004609,0.00005996,lunaterra,none,N/A,0.00005573,,,
1655769600,0.00005996,0.0000612,0.00005446,0.00005446,lunaterra,none,N/A,0.00005783,,,
1655856000,0.00005446,0.00006412,0.00005427,0.00005661,lunaterra,none,N/A,0.000059195,,,
1655942400,0.00005657,0.00005954,0.00005357,0.00005498,lunaterra,none,N/A,0.000056555,,,
1656028800,0.00005498,0.00005988,0.00004818,0.00005688,lunaterra,none,N/A,0.00005403,,,
1656115200,0.00005688,0.00006223,0.00004919,0.00006158,lunaterra,none,N/A,0.00005571,,,
1656201600,0.00006158,0.00006178,0.0000424,0.0000561,lunaterra,none,N/A,0.00005209,,,
1656288000,0.0000561,0.0000738,0.00005372,0.0000647,lunaterra,none,N/A,0.00006376,,,
1656374400,0.0000647,0.000104,0.00004522,0.0000526,lunaterra,none,N/A,0.00007461,,,
1656460800,0.0000526,0.0001291,0.00003564,0.0001147,lunaterra,none,N/A,0.00008237,,,
1656547200,0.0001147,0.0005404,0.0001091,0.0003676,lunaterra,none,N/A,0.00032475,,,
1656633600,0.0003676,0.0005959,0.00009663,0.0003179,lunaterra,none,N/A,0.000346265,,,
1656720000,0.000318,0.0003319,0.0002101,0.0002244,lunaterra,none,N/A,0.000271,,,
1656806400,0.0002245,0.0003429,0.0001177,0.0001279,lunaterra,none,N/A,0.0002303,,,
1656892800,0.0001279,0.0001444,0.00009476,0.0001313,lunaterra,none,N/A,0.00011958,,,
1656979200,0.0001313,0.0001334,0.0001154,0.0001304,lunaterra,none,N/A,0.0001244,,,
1657065600,0.0001304,0.0001305,0.0001073,0.000121,lunaterra,none,N/A,0.0001189,,,
1657152000,0.000121,0.000122,0.0001002,0.0001117,lunaterra,none,N/A,0.0001111,,,
1657238400,0.0001117,0.0001221,0.0001044,0.0001107,lunaterra,none,N/A,0.00011325,,,
1657324800,0.0001107,0.0001149,0.0001061,0.000109,lunaterra,none,N/A,0.0001105,,,
1657411200,0.000109,0.0001171,0.0001047,0.0001125,lunaterra,none,N/A,0.0001109,,,
1657497600,0.0001125,0.0001131,0.0001049,0.000111,lunaterra,none,N/A,0.000109,,,
1657584000,0.000111,0.0001111,0.0001,0.0001023,lunaterra,none,N/A,0.00010555,,,
1657670400,0.0001023,0.0001023,0.0000909,0.00009276,lunaterra,none,N/A,0.0000966,,,
1657756800,0.00009275,0.00009744,0.00008475,0.00009649,lunaterra,none,N/A,0.000091095,,,
1657843200,0.0000965,0.00009756,0.00008729,0.00009362,lunaterra,none,N/A,0.000092425,,,
1657929600,0.00009362,0.0001137,0.00008941,0.0001067,lunaterra,none,N/A,0.000101555,,,
1658016000,0.0001067,0.0001109,0.00009805,0.0001045,lunaterra,none,N/A,0.000104475,,,
1658102400,0.0001045,0.0001062,0.00009783,0.0001,lunaterra,none,N/A,0.000102015,,,
1658188800,0.0001,0.0001094,0.0000998,0.0001079,lunaterra,none,N/A,0.0001046,,,
1658275200,0.0001079,0.0001094,0.0001012,0.0001067,lunaterra,none,N/A,0.0001053,,,
1658361600,0.0001067,0.000111,0.0001003,0.0001003,lunaterra,none,N/A,0.00010565,,,
1658448000,0.0001003,0.000103,0.00009762,0.0001014,lunaterra,none,N/A,0.00010031,,,
1658534400,0.0001014,0.0001047,0.00009627,0.00009838,lunaterra,none,N/A,0.000100485,,,
1658620800,0.00009838,0.0001044,0.00009481,0.00009896,lunaterra,none,N/A,0.000099605,,,
1658707200,0.00009896,0.0001034,0.00009517,0.0001005,lunaterra,none,N/A,0.000099285,,,
1658793600,0.0001005,0.0001005,0.00008392,0.00009099,lunaterra,none,N/A,0.00009221,,,
1658880000,0.00009098,0.00009564,0.00008671,0.00009213,lunaterra,none,N/A,0.000091175,,,
1658966400,0.00009214,0.00009821,0.00008579,0.00009771,lunaterra,none,N/A,0.000092,,,
1659052800,0.00009771,0.0001038,0.0000916,0.00009931,lunaterra,none,N/A,0.0000977,,,
1659139200,0.00009931,0.0001025,0.00009358,0.00009561,lunaterra,none,N/A,0.00009804,,,
1659225600,0.00009561,0.0001022,0.00009521,0.00009636,lunaterra,none,N/A,0.000098705,,,
1659312000,0.00009636,0.0001035,0.00009475,0.00009676,lunaterra,none,N/A,0.000099125,,,
1659398400,0.00009676,0.0001142,0.0000833,0.000104,lunaterra,none,N/A,0.00009875,,,
1659484800,0.000104,0.0001098,0.00009185,0.00009863,lunaterra,none,N/A,0.000100825,,,
1659571200,0.00009863,0.0001042,0.00009572,0.00009935,lunaterra,none,N/A,0.00009996,,,
1659657600,0.00009935,0.0001021,0.00009564,0.00009803,lunaterra,none,N/A,0.00009887,,,
1659744000,0.00009803,0.0001027,0.00009564,0.0001007,lunaterra,none,N/A,0.00009917,,,
1659830400,0.0001007,0.0001055,0.00009213,0.0000983,lunaterra,none,N/A,0.000098815,,,
1659916800,0.0000983,0.000101,0.00009546,0.00009817,lunaterra,none,N/A,0.00009823,,,
1660003200,0.00009817,0.0001024,0.00009503,0.00009854,lunaterra,none,N/A,0.000098715,,,
1660089600,0.00009854,0.0001088,0.00008555,0.0000975,lunaterra,none,N/A,0.000097175,,,
1660176000,0.00009749,0.000102,0.00009066,0.0001012,lunaterra,none,N/A,0.00009633,,,
1660262400,0.0001013,0.0001059,0.00009303,0.00009384,lunaterra,none,N/A,0.000099465,,,
1660348800,0.00009388,0.0001931,0.00009223,0.00009765,lunaterra,none,N/A,0.000142665,,,
1660435200,0.00009767,0.0001022,0.0000925,0.00009643,lunaterra,none,N/A,0.00009735,,,
1660521600,0.00009645,0.0001097,0.00009332,0.00009816,lunaterra,none,N/A,0.00010151,,,
1660608000,0.00009811,0.0001047,0.00009273,0.00009669,lunaterra,none,N/A,0.000098715,,,
1660694400,0.00009665,0.000101,0.00009428,0.00009813,lunaterra,none,N/A,0.00009764,,,
1660780800,0.00009812,0.000103,0.00009151,0.00009453,lunaterra,none,N/A,0.000097255,,,
1660867200,0.00009453,0.0000992,0.00009015,0.00009588,lunaterra,none,N/A,0.000094675,,,
1660953600,0.00009589,0.0000959,0.00008244,0.00008382,lunaterra,none,N/A,0.00008917,,,
1661040000,0.0000838,0.00009128,0.00008318,0.00008719,lunaterra,none,N/A,0.00008723,,,
1661126400,0.00008719,0.00009757,0.00008449,0.00009068,lunaterra,none,N/A,0.00009103,,,
1661212800,0.00009071,0.00009787,0.00008726,0.00009108,lunaterra,none,N/A,0.000092565,,,
1661299200,0.00009102,0.0001146,0.00008989,0.0001085,lunaterra,none,N/A,0.000102245,,,
1661385600,0.0001086,0.0001094,0.00009746,0.0001017,lunaterra,none,N/A,0.00010343,,,
1661472000,0.0001017,0.0001435,0.00009785,0.0001381,lunaterra,none,N/A,0.000120675,,,
1661558400,0.0001381,0.0001706,0.0001088,0.000123,lunaterra,none,N/A,0.0001397,,,
1661644800,0.000123,0.000251,0.00009164,0.0001436,lunaterra,none,N/A,0.00017132,,,
1661731200,0.0001436,0.0002246,0.0001192,0.0001255,lunaterra,none,N/A,0.0001719,,,
1661817600,0.000125,0.000139,0.0001241,0.0001308,lunaterra,none,N/A,0.00013155,,,
1661904000,0.0001308,0.0002635,0.0001278,0.0001657,lunaterra,none,N/A,0.00019565,,,
1661990400,0.0001657,0.0003812,0.0001519,0.0002312,lunaterra,none,N/A,0.00026655,,,
1662076800,0.0002313,0.0004239,0.0002097,0.0002725,lunaterra,negative,Binance Announces LUNC and USTC Deposit And Withdrawal Suspension,0.0003168,,,
1662163200,0.0002725,0.000304,0.0002143,0.0002367,lunaterra,none,N/A,0.00025915,,,
1662249600,0.0002365,0.0003368,0.0002161,0.0002577,lunaterra,none,N/A,0.00027645,,,
1662336000,0.0002577,0.0002717,0.0002308,0.0002504,lunaterra,positive,Luna price has picked momentum as the community continues burning and staking LUNC tokens,0.00025125,,,
1662422400,0.0002504,0.0004152,0.0002411,0.0004148,lunaterra,negative,FTX To Suspend LUNC and USTC Deposits And Withdrawals and Delist ANC,0.00032815,,,
1662508800,0.0004148,0.0004549,0.0003559,0.0003673,lunaterra,negative,Binance - LUNC and USTC Deposits and Withdrawal Suspended,0.0004054,,,
1662595200,0.0003683,0.0005113,0.0003345,0.0004441,lunaterra,none,N/A,0.0004229,,,
1662681600,0.0004441,0.0006292,0.0004244,0.0005279,lunaterra,positive,Huobi And BTCEX Joins Binance To Support 1.2% Tax Burn For Terra Classic (LUNC),0.0005268,,,
1662768000,0.0005279,0.0005553,0.0003938,0.0004388,lunaterra,none,N/A,0.00047455,,,
1662854400,0.0004385,0.0004902,0.000413,0.0004378,lunaterra,none,N/A,0.0004516,,,
1662940800,0.0004402,0.0004688,0.00039,0.0004166,lunaterra,none,N/A,0.0004294,,,
1663027200,0.0004161,0.0004268,0.0002828,0.0002831,lunaterra,negative,FTX Suspends LUNA and UST Deposits and Withdrawals,0.0003548,,,
1663113600,0.0002841,0.0004354,0.0002841,0.0004064,lunaterra,none,N/A,0.00035975,,,
1663200000,0.0003562,0.0004097,0.0002724,0.0003041,lunaterra,none,N/A,0.00034105,,,
1663286400,0.0003041,0.0003042,0.000248,0.0002624,lunaterra,none,N/A,0.0002761,,,
1663372800,0.0002625,0.0003233,0.0002604,0.0003121,lunaterra,none,N/A,0.00029185,,,
1663459200,0.000312,0.0003401,0.0002953,0.000306,lunaterra,none,N/A,0.0003177,,,
1663545600,0.0003063,0.0003176,0.0002677,0.0002727,lunaterra,none,N/A,0.00029265,,,
1663632000,0.0002726,0.0003212,0.0002633,0.0003135,lunaterra,none,N/A,0.00029225,,,
1663718400,0.0003134,0.000326,0.0002846,0.0003227,lunaterra,none,N/A,0.0003053,,,
1663804800,0.000323,0.0003316,0.0002716,0.0002846,lunaterra,none,N/A,0.0003016,,,
1663891200,0.0002846,0.0002878,0.000262,0.000274,lunaterra,none,N/A,0.0002749,,,
1663977600,0.000274,0.0002796,0.0002356,0.0002546,lunaterra,none,N/A,0.0002576,,,
1664064000,0.0002546,0.0002641,0.0002215,0.0002261,lunaterra,none,N/A,0.0002428,,,
1664150400,0.0002239,0.0002413,0.0001846,0.0001963,lunaterra,none,N/A,0.00021295,,,
1664236800,0.0001962,0.0003235,0.0001872,0.00031,lunaterra,none,N/A,0.00025535,,,
1664323200,0.0003101,0.0003103,0.0002646,0.0002795,lunaterra,none,N/A,0.00028745,,,
1664409600,0.0002795,0.0002976,0.0002581,0.0002766,lunaterra,none,N/A,0.00027785,,,
1664496000,0.0002765,0.0002896,0.0002681,0.0002864,lunaterra,none,N/A,0.00027885,,,
1664582400,0.0002869,0.000311,0.0002785,0.0003027,lunaterra,none,N/A,0.00029475,,,
1664668800,0.0003019,0.0003507,0.0002865,0.0003318,lunaterra,none,N/A,0.0003186,,,
1664755200,0.0003266,0.0003707,0.0002761,0.0003348,lunaterra,none,N/A,0.0003234,,,
1664841600,0.0003347,0.0003542,0.0002898,0.0003282,lunaterra,none,N/A,0.000322,,,
1664928000,0.0003288,0.0003359,0.0003075,0.0003156,lunaterra,none,N/A,0.0003217,,,
1665014400,0.0003155,0.0003173,0.0002717,0.0002932,lunaterra,none,N/A,0.0002945,,,
1665100800,0.0002929,0.0003039,0.0002808,0.0002818,lunaterra,none,N/A,0.00029235,,,
1665187200,0.0002806,0.0003033,0.0002772,0.000292,lunaterra,none,N/A,0.00029025,,,
1665273600,0.0002919,0.0002948,0.0002737,0.0002911,lunaterra,none,N/A,0.00028425,,,
1665360000,0.0002912,0.000307,0.0002844,0.000307,lunaterra,none,N/A,0.0002957,,,
1665446400,0.000307,0.0003116,0.0002833,0.0002835,lunaterra,none,N/A,0.00029745,,,
1665532800,0.0002835,0.000289,0.0002669,0.0002755,lunaterra,none,N/A,0.00027795,,,
1665619200,0.0002755,0.000294,0.0002731,0.0002757,lunaterra,none,N/A,0.00028355,,,
1665705600,0.0002757,0.0002861,0.0002514,0.0002751,lunaterra,none,N/A,0.00026875,,,
1665792000,0.0002751,0.0002884,0.0002653,0.0002715,lunaterra,none,N/A,0.00027685,,,
1665878400,0.0002715,0.0002723,0.0002547,0.0002624,lunaterra,none,N/A,0.0002635,,,
1665964800,0.0002624,0.0002675,0.0002535,0.0002607,lunaterra,none,N/A,0.0002605,,,
1666051200,0.0002607,0.0002677,0.0002525,0.0002608,lunaterra,none,N/A,0.0002601,,,
1666137600,0.0002608,0.0002669,0.0002425,0.0002456,lunaterra,none,N/A,0.0002547,,,
1666224000,0.0002456,0.0002609,0.000237,0.0002493,lunaterra,none,N/A,0.00024895,,,
1666310400,0.0002492,0.0002544,0.0002315,0.0002372,lunaterra,none,N/A,0.00024295,,,
1666396800,0.0002339,0.0002396,0.0002212,0.0002318,lunaterra,none,N/A,0.0002304,,,
1666483200,0.0002318,0.0002383,0.0002287,0.0002373,lunaterra,none,N/A,0.0002335,,,
1666569600,0.0002373,0.000245,0.0002282,0.0002394,lunaterra,none,N/A,0.0002366,,,
1666656000,0.0002393,0.000245,0.0002117,0.0002254,lunaterra,none,N/A,0.00022835,,,
1666742400,0.0002254,0.0002564,0.0002233,0.000242,lunaterra,none,N/A,0.00023985,,,
1666828800,0.0002417,0.0002528,0.0002279,0.0002376,lunaterra,none,N/A,0.00024035,,,
1666915200,0.0002376,0.000251,0.0002339,0.0002389,lunaterra,none,N/A,0.00024245,,,
1667001600,0.0002389,0.0002516,0.000235,0.0002412,lunaterra,none,N/A,0.0002433,,,
1667088000,0.0002412,0.0002494,0.0002291,0.0002363,lunaterra,none,N/A,0.00023925,,,
1667174400,0.0002363,0.0002682,0.0002301,0.0002437,lunaterra,none,N/A,0.00024915,,,
1667260800,0.0002437,0.0002545,0.0002333,0.0002355,lunaterra,none,N/A,0.0002439,,,
1667347200,0.0002355,0.000242,0.00021,0.0002183,lunaterra,none,N/A,0.000226,,,
1648857600,1,1,0.9962,1,pax,none,N/A,0.9981,,,
1648944000,1,1,0.9982,1,pax,none,N/A,0.9991,,,
1649030400,1,1,0.9975,1,pax,none,N/A,0.99875,,,
1649116800,1,1,0.9986,1,pax,none,N/A,0.9993,,,
1649203200,1,1,0.9973,0.9998,pax,none,N/A,0.99865,,,
1649289600,0.9995,1,0.9924,0.9986,pax,none,N/A,0.9962,,,
1649376000,0.9986,1,0.9981,1,pax,none,N/A,0.99905,,,
1649462400,1,1,0.9988,1,pax,none,N/A,0.9994,,,
1649548800,1,1,0.9996,1,pax,none,N/A,0.9998,,,
1649635200,1,1,0.9991,1,pax,none,N/A,0.99955,,,
1649721600,1,1.01,0.9991,1,pax,none,N/A,1.00455,,,
1649808000,1,1.01,0.9987,1,pax,none,N/A,1.00435,,,
1649894400,1,1,0.9982,1,pax,none,N/A,0.9991,,,
1649980800,1,1,0.9984,1,pax,none,N/A,0.9992,,,
1650067200,1,1,0.9989,1,pax,none,N/A,0.99945,,,
1650153600,1,1,0.9944,1,pax,none,N/A,0.9972,,,
1650240000,1,1,0.9943,1,pax,none,N/A,0.99715,,,
1650326400,1,1.01,0.9935,0.9968,pax,none,N/A,1.00175,,,
1650412800,0.9969,0.9993,0.9953,0.9971,pax,none,N/A,0.9973,,,
1650499200,0.9971,1,0.9956,0.9965,pax,none,N/A,0.9978,,,
1650585600,0.9964,1,0.9935,1,pax,none,N/A,0.99675,,,
1650672000,1,1.01,0.9955,0.9982,pax,none,N/A,1.00275,,,
1650758400,0.9982,1,0.995,0.9964,pax,none,N/A,0.9975,,,
1650844800,0.9956,1,0.9954,1,pax,none,N/A,0.9977,,,
1650931200,1,1.01,0.9982,1,pax,none,N/A,1.0041,,,
1651017600,1,1,0.9961,1,pax,none,N/A,0.99805,,,
1651104000,1,1,0.9977,1,pax,none,N/A,0.99885,,,
1651190400,1,1,0.9966,1,pax,none,N/A,0.9983,,,
1651276800,1,1,0.9976,1,pax,none,N/A,0.9988,,,
1651363200,1,1,0.9977,1,pax,none,N/A,0.99885,,,
1651449600,1,1.01,1,1.01,pax,none,N/A,1.005,,,
1651536000,1.01,1.01,1,1,pax,none,N/A,1.005,,,
1651622400,1,1.01,1,1,pax,none,N/A,1.005,,,
1651708800,1,1.01,1,1,pax,none,N/A,1.005,,,
1651795200,1,1.01,0.9971,1.01,pax,none,N/A,1.00355,,,
1651881600,1.01,1.01,1,1,pax,none,N/A,1.005,,,
1651968000,1,1.01,1,1,pax,none,N/A,1.005,,,
1652054400,1,1.01,0.9974,0.9997,pax,none,N/A,1.0037,,,
1652140800,0.9995,1,0.9929,0.9995,pax,none,N/A,0.99645,,,
1652227200,0.9994,1.01,0.9967,1,pax,none,N/A,1.00335,,,
1652313600,1,1.01,0.9931,1,pax,none,N/A,1.00155,,,
1652400000,1,1.02,0.9967,1,pax,none,N/A,1.00835,,,
1652486400,1,1.01,0.9979,1,pax,none,N/A,1.00395,,,
1652572800,1,1,0.9993,1,pax,none,N/A,0.99965,,,
1652659200,1,1.01,0.999,1,pax,none,N/A,1.0045,,,
1652745600,1,1,0.999,1,pax,none,N/A,0.9995,,,
1652832000,1,1.01,0.9997,1,pax,none,N/A,1.00485,,,
1652918400,1,1,0.9958,0.9959,pax,none,N/A,0.9979,,,
1653004800,0.9961,1,0.9961,1,pax,none,N/A,0.99805,,,
1653091200,1,1,0.9984,1,pax,none,N/A,0.9992,,,
1653177600,1,1,0.9991,1,pax,none,N/A,0.99955,,,
1653264000,1,1,1,1,pax,none,N/A,1,,,
1653350400,1,1,0.9984,1,pax,none,N/A,0.9992,,,
1653436800,1,1,0.9942,1,pax,none,N/A,0.9971,,,
1653523200,1,1,0.9978,0.9987,pax,none,N/A,0.9989,,,
1653609600,0.9987,1,0.9933,0.9933,pax,none,N/A,0.99665,,,
1653696000,0.9933,1.01,0.9933,0.998,pax,none,N/A,1.00165,,,
1653782400,1,1,0.9967,1,pax,none,N/A,0.99835,,,
1653868800,1,1,0.9974,0.9986,pax,none,N/A,0.9987,,,
1653955200,0.9986,1,0.9972,0.9989,pax,none,N/A,0.9986,,,
1654041600,0.9989,1,0.9965,0.9982,pax,none,N/A,0.99825,,,
1654128000,0.9983,1,0.9944,0.9959,pax,none,N/A,0.9972,,,
1654214400,0.9965,1,0.9948,0.9986,pax,none,N/A,0.9974,,,
1654300800,0.9986,1,0.9935,0.9977,pax,none,N/A,0.99675,,,
1654387200,0.9978,1,0.9948,0.9999,pax,none,N/A,0.9974,,,
1654473600,0.9999,1,0.9969,1,pax,none,N/A,0.99845,,,
1654560000,1,1,0.9971,1,pax,none,N/A,0.99855,,,
1654646400,1,1,0.996,0.9978,pax,none,N/A,0.998,,,
1654732800,0.9977,1,0.9964,1,pax,none,N/A,0.9982,,,
1654819200,1,1,0.9999,1,pax,none,N/A,0.99995,,,
1654905600,1,1,0.9995,1,pax,none,N/A,0.99975,,,
1654992000,1,1,0.9971,1,pax,none,N/A,0.99855,,,
1655078400,1,1.01,0.9983,0.9989,pax,none,N/A,1.00415,,,
1655164800,0.9986,1.01,0.9948,1,pax,none,N/A,1.0024,,,
1655251200,1,1.01,0.9964,0.9995,pax,none,N/A,1.0032,,,
1655337600,0.9993,1.01,0.9976,1,pax,none,N/A,1.0038,,,
1655424000,1,1.01,0.999,1,pax,none,N/A,1.0045,,,
1655510400,1,1.01,0.9985,1,pax,none,N/A,1.00425,,,
1655596800,1,1.01,0.9978,1,pax,none,N/A,1.0039,,,
1655683200,1,1.01,0.9958,1,pax,none,N/A,1.0029,,,
1655769600,1,1.01,0.996,1,pax,none,N/A,1.003,,,
1655856000,1,1.01,0.9978,1,pax,none,N/A,1.0039,,,
1655942400,1,1,0.996,0.9989,pax,none,N/A,0.998,,,
1656028800,0.9989,1.01,0.9977,1,pax,none,N/A,1.00385,,,
1656115200,1,1,0.9979,0.9989,pax,none,N/A,0.99895,,,
1656201600,0.999,1,0.9969,1,pax,none,N/A,0.99845,,,
1656288000,1,1,0.9958,0.9973,pax,none,N/A,0.9979,,,
1656374400,0.9973,1,0.9936,0.9973,pax,none,N/A,0.9968,,,
1656460800,0.9971,1,0.9945,0.9975,pax,none,N/A,0.99725,,,
1656547200,0.9975,1,0.9947,0.9986,pax,none,N/A,0.99735,,,
1656633600,0.9987,1,0.9942,1,pax,none,N/A,0.9971,,,
1656720000,1,1,0.9955,0.9975,pax,none,N/A,0.99775,,,
1656806400,0.9977,1,0.9964,0.9993,pax,none,N/A,0.9982,,,
1656892800,0.9993,1,0.9961,1,pax,none,N/A,0.99805,,,
1656979200,1,1,0.9957,0.9988,pax,none,N/A,0.99785,,,
1657065600,0.9987,1,0.9924,0.9977,pax,none,N/A,0.9962,,,
1657152000,0.9978,1,0.9954,0.9969,pax,none,N/A,0.9977,,,
1657238400,0.9969,1,0.9961,0.9999,pax,none,N/A,0.99805,,,
1657324800,0.9998,1,0.9932,0.9966,pax,none,N/A,0.9966,,,
1657411200,0.9971,1,0.9959,0.9972,pax,none,N/A,0.99795,,,
1657497600,0.9973,1,0.9932,0.9989,pax,none,N/A,0.9966,,,
1657584000,0.9988,1,0.9957,0.9984,pax,none,N/A,0.99785,,,
1657670400,0.9984,1,0.9947,0.9998,pax,none,N/A,0.99735,,,
1657756800,0.9999,1,0.996,1,pax,none,N/A,0.998,,,
1657843200,1,1.01,0.997,1,pax,none,N/A,1.0035,,,
1657929600,1,1,0.997,0.9988,pax,none,N/A,0.9985,,,
1658016000,0.9987,1.01,0.9958,0.9989,pax,none,N/A,1.0029,,,
1658102400,0.999,1,0.9968,0.9981,pax,none,N/A,0.9984,,,
1658188800,0.9966,1.01,0.9965,1,pax,none,N/A,1.00325,,,
1658275200,1,1,0.9966,0.9995,pax,none,N/A,0.9983,,,
1658361600,0.9995,1,0.996,0.9973,pax,none,N/A,0.998,,,
1658448000,0.9973,1,0.9946,1,pax,none,N/A,0.9973,,,
1658534400,1,1,0.9974,0.999,pax,none,N/A,0.9987,,,
1658620800,0.9987,1,0.9972,0.9994,pax,none,N/A,0.9986,,,
1658707200,0.9995,1,0.9964,0.9966,pax,none,N/A,0.9982,,,
1658793600,0.9966,1,0.9936,0.9951,pax,none,N/A,0.9968,,,
1658880000,0.9951,1,0.9949,1,pax,none,N/A,0.99745,,,
1658966400,1,1.01,0.9979,0.9997,pax,none,N/A,1.00395,,,
1659052800,0.9997,1,0.9964,0.9981,pax,none,N/A,0.9982,,,
1659139200,0.9981,1,0.996,0.9988,pax,none,N/A,0.998,,,
1659225600,0.9989,1,0.9963,0.9996,pax,none,N/A,0.99815,,,
1659312000,0.9997,1,0.9963,1,pax,none,N/A,0.99815,,,
1659398400,1,1,0.9969,1,pax,none,N/A,0.99845,,,
1659484800,1,1,0.9969,0.9997,pax,none,N/A,0.99845,,,
1659571200,0.9999,1,0.9964,0.9992,pax,none,N/A,0.9982,,,
1659657600,0.9991,1,0.9978,1,pax,none,N/A,0.9989,,,
1659744000,1,1,0.9984,1,pax,none,N/A,0.9992,,,
1659830400,1,1,0.9988,0.9994,pax,none,N/A,0.9994,,,
1659916800,0.9996,1,0.9984,1,pax,none,N/A,0.9992,,,
1660003200,1,1,0.9993,1,pax,none,N/A,0.99965,,,
1660089600,1,1,0.9975,0.9994,pax,none,N/A,0.99875,,,
1660176000,0.9994,1,0.9977,1,pax,none,N/A,0.99885,,,
1660262400,1,1,0.9981,0.9981,pax,none,N/A,0.99905,,,
1660348800,0.998,1,0.9966,1,pax,none,N/A,0.9983,,,
1660435200,1,1,0.998,0.9998,pax,none,N/A,0.999,,,
1660521600,0.9999,1,0.9974,1,pax,none,N/A,0.9987,,,
1660608000,1,1,0.9975,1,pax,none,N/A,0.99875,,,
1660694400,1,1,0.9977,0.999,pax,none,N/A,0.99885,,,
1660780800,0.9989,1,0.9956,1,pax,none,N/A,0.9978,,,
1660867200,1,1,0.9981,0.9988,pax,none,N/A,0.99905,,,
1660953600,0.9987,1,0.9948,0.9986,pax,none,N/A,0.9974,,,
1661040000,0.9993,1,0.9962,0.9999,pax,none,N/A,0.9981,,,
1661126400,0.9998,1,0.9974,1,pax,none,N/A,0.9987,,,
1661212800,1,1,0.9985,1,pax,none,N/A,0.99925,,,
1661299200,1,1,0.9986,1,pax,none,N/A,0.9993,,,
1661385600,1,1,0.9982,0.9998,pax,none,N/A,0.9991,,,
1661472000,0.9998,1,0.9986,1,pax,none,N/A,0.9993,,,
1661558400,1,1,0.994,0.9974,pax,none,N/A,0.997,,,
1661644800,0.9973,1,0.9962,0.9995,pax,none,N/A,0.9981,,,
1661731200,0.9995,1,0.9979,0.999,pax,none,N/A,0.99895,,,
1661817600,0.9992,1,0.9965,1,pax,none,N/A,0.99825,,,
1661904000,1,1,0.9983,1,pax,none,N/A,0.99915,,,
1661990400,1,1,0.9973,0.9993,pax,none,N/A,0.99865,,,
1662076800,0.9994,1,0.9974,0.9994,pax,none,N/A,0.9987,,,
1662163200,0.9993,1,0.9983,0.9991,pax,none,N/A,0.99915,,,
1662249600,0.9991,1,0.998,0.9984,pax,none,N/A,0.999,,,
1662336000,0.9984,1,0.9976,1,pax,none,N/A,0.9988,,,
1662422400,1,1,0.9978,1,pax,none,N/A,0.9989,,,
1662508800,1,1.01,0.9956,0.999,pax,none,N/A,1.0028,,,
1662595200,0.9988,1,0.9968,0.9998,pax,none,N/A,0.9984,,,
1662681600,0.9998,1,0.9977,0.9994,pax,none,N/A,0.99885,,,
1662768000,0.9993,1,0.997,1,pax,none,N/A,0.9985,,,
1662854400,1,1,0.9979,0.9995,pax,none,N/A,0.99895,,,
1662940800,0.9994,1,0.9977,1,pax,none,N/A,0.99885,,,
1663027200,1,1,0.9984,1,pax,none,N/A,0.9992,,,
1663113600,1,1,0.9954,0.9995,pax,none,N/A,0.9977,,,
1663200000,0.9987,1,0.9976,0.9992,pax,none,N/A,0.9988,,,
1663286400,0.9994,1,0.9948,1,pax,none,N/A,0.9974,,,
1663372800,0.9999,1,0.9972,0.9996,pax,none,N/A,0.9986,,,
1663459200,0.9997,1,0.9989,1,pax,none,N/A,0.99945,,,
1663545600,1,1,0.9951,0.9964,pax,none,N/A,0.99755,,,
1663632000,0.9964,1,0.9957,1,pax,none,N/A,0.99785,,,
1663718400,1,1,0.9974,1,pax,none,N/A,0.9987,,,
1663804800,1,1,0.9959,1,pax,none,N/A,0.99795,,,
1663891200,1,1,0.9961,1,pax,none,N/A,0.99805,,,
1663977600,1,1,0.9966,1,pax,none,N/A,0.9983,,,
1664064000,1,1,0.9974,0.9987,pax,none,N/A,0.9987,,,
1664150400,0.9986,1,0.9974,0.9979,pax,none,N/A,0.9987,,,
1664236800,0.9981,1,0.996,1,pax,none,N/A,0.998,,,
1664323200,1,1.01,0.9951,0.9976,pax,none,N/A,1.00255,,,
1664409600,0.9973,1,0.9953,1,pax,none,N/A,0.99765,,,
1664496000,1,1,0.9965,0.9999,pax,none,N/A,0.99825,,,
1664582400,0.9999,1,0.9973,1,pax,none,N/A,0.99865,,,
1664668800,1,1,0.9995,1,pax,none,N/A,0.99975,,,
1664755200,1,1,0.9962,0.9974,pax,none,N/A,0.9981,,,
1664841600,0.9974,1.01,0.997,1,pax,none,N/A,1.0035,,,
1664928000,1,1.01,0.998,1,pax,none,N/A,1.004,,,
1665014400,1,1.01,0.9966,0.9988,pax,none,N/A,1.0033,,,
1665100800,0.9989,1,0.9949,0.9973,pax,none,N/A,0.99745,,,
1665187200,0.9973,1,0.9929,0.9973,pax,none,N/A,0.99645,,,
1665273600,0.9973,0.9996,0.9924,0.9986,pax,none,N/A,0.996,,,
1665360000,0.9986,1,0.991,0.9999,pax,none,N/A,0.9955,,,
1665446400,1,1,0.9931,0.9971,pax,none,N/A,0.99655,,,
1665532800,0.9971,1,0.9936,0.9956,pax,none,N/A,0.9968,,,
1665619200,0.9958,0.9996,0.9944,0.996,pax,none,N/A,0.997,,,
1665705600,0.9958,1.01,0.9908,1,pax,none,N/A,1.0004,,,
1665792000,1,1,0.994,0.9953,pax,none,N/A,0.997,,,
1665878400,0.9953,0.9992,0.9934,0.9979,pax,none,N/A,0.9963,,,
1665964800,0.9979,0.9998,0.9951,0.9978,pax,none,N/A,0.99745,,,
1666051200,0.9978,1,0.9965,0.9996,pax,none,N/A,0.99825,,,
1666137600,0.9996,1,0.9974,0.9997,pax,none,N/A,0.9987,,,
1666224000,0.9998,1.01,0.9947,0.9962,pax,none,N/A,1.00235,,,
1666310400,0.9963,1,0.9912,0.9976,pax,none,N/A,0.9956,,,
1666396800,0.9976,1,0.9943,0.9998,pax,none,N/A,0.99715,,,
1666483200,0.9997,1,0.9953,0.9966,pax,none,N/A,0.99765,,,
1666569600,0.9966,1,0.9954,1,pax,none,N/A,0.9977,,,
1666656000,1,1,0.994,0.9955,pax,none,N/A,0.997,,,
1666742400,0.9955,1,0.9927,1,pax,none,N/A,0.99635,,,
1666828800,1,1,0.994,0.9996,pax,none,N/A,0.997,,,
1666915200,0.9995,1,0.9913,0.9952,pax,none,N/A,0.99565,,,
1667001600,0.9953,1,0.9904,0.9994,pax,none,N/A,0.9952,,,
1667088000,0.9994,1,0.9915,0.9971,pax,none,N/A,0.99575,,,
1667174400,0.997,1,0.9939,1,pax,none,N/A,0.99695,,,
1667260800,1,1,0.9952,0.9973,pax,none,N/A,0.9976,,,
1667347200,0.999,1.01,0.9942,0.9983,pax,none,N/A,1.0021,,,
1648857600,0.9995,1,0.999,0.9999,usdc,none,N/A,0.9995,,,
1648944000,1,1,0.9991,0.9993,usdc,none,N/A,0.99955,,,
1649030400,0.9993,1,0.9985,1,usdc,none,N/A,0.99925,,,
1649116800,1,1,0.9989,1,usdc,none,N/A,0.99945,,,
1649203200,1,1,0.999,0.9997,usdc,none,N/A,0.9995,,,
1649289600,0.9997,1,0.9986,0.9996,usdc,none,N/A,0.9993,,,
1649376000,0.9996,1,0.9991,1,usdc,none,N/A,0.99955,,,
1649462400,1,1,0.9973,0.9997,usdc,none,N/A,0.99865,,,
1649548800,0.9997,1,0.9991,1,usdc,none,N/A,0.99955,,,
1649635200,1,1,0.9991,0.9996,usdc,none,N/A,0.99955,,,
1649721600,0.9997,1,0.999,0.9997,usdc,positive,BlackRock and Fidelity Back USDC in $400 Million Funding Round,0.9995,,,
1649808000,0.9998,1,0.9992,0.9999,usdc,none,N/A,0.9996,,,
1649894400,0.9998,1,0.9992,0.9997,usdc,none,N/A,0.9996,,,
1649980800,0.9997,1,0.9991,0.9998,usdc,none,N/A,0.99955,,,
1650067200,0.9998,1,0.9994,0.9998,usdc,none,N/A,0.9997,,,
1650153600,0.9997,1,0.9993,1,usdc,none,N/A,0.99965,,,
1650240000,1,1,0.9989,0.9993,usdc,none,N/A,0.99945,,,
1650326400,0.9993,1,0.9988,0.9999,usdc,none,N/A,0.9994,,,
1650412800,0.9999,1,0.9993,0.9999,usdc,none,N/A,0.99965,,,
1650499200,0.9999,1,0.9993,0.9998,usdc,none,N/A,0.99965,,,
1650585600,0.9998,1,0.9994,1,usdc,none,N/A,0.9997,,,
1650672000,1,1,0.9995,1,usdc,none,N/A,0.99975,,,
1650758400,1,1,0.9995,1,usdc,none,N/A,0.99975,,,
1650844800,0.9998,1,0.9995,0.9999,usdc,none,N/A,0.99975,,,
1650931200,0.9999,1,0.9994,1,usdc,none,N/A,0.9997,,,
1651017600,1,1,0.9994,1,usdc,none,N/A,0.9997,,,
1651104000,1,1,0.9995,1,usdc,none,N/A,0.99975,,,
1651190400,1,1,0.9995,1,usdc,none,N/A,0.99975,,,
1651276800,1,1,0.9995,1,usdc,none,N/A,0.99975,,,
1651363200,1,1,0.9993,1,usdc,none,N/A,0.99965,,,
1651449600,1,1,0.9995,1,usdc,none,N/A,0.99975,,,
1651536000,1,1,0.9995,1,usdc,none,N/A,0.99975,,,
1651622400,1,1,0.9995,1,usdc,none,N/A,0.99975,,,
1651708800,1,1,0.9996,1,usdc,none,N/A,0.9998,,,
1651795200,1,1,0.9994,0.9999,usdc,none,N/A,0.9997,,,
1651881600,0.9999,1,0.9995,1,usdc,none,N/A,0.99975,,,
1651968000,1,1,0.9996,0.9999,usdc,none,N/A,0.9998,,,
1652054400,0.9999,1,0.9995,1,usdc,none,N/A,0.99975,,,
1652140800,0.9999,1,0.9994,0.9996,usdc,none,N/A,0.9997,,,
1652227200,0.9996,1,0.9993,0.9998,usdc,none,N/A,0.99965,,,
1652313600,0.9998,1,0.9993,1,usdc,none,N/A,0.99965,,,
1652400000,1,1.01,0.9995,1,usdc,none,N/A,1.00475,,,
1652486400,1,1,0.9996,1,usdc,none,N/A,0.9998,,,
1652572800,1,1,0.9997,1,usdc,none,N/A,0.99985,,,
1652659200,1,1,0.9999,1,usdc,none,N/A,0.99995,,,
1652745600,1,1,0.9997,1,usdc,none,N/A,0.99985,,,
1652832000,1,1,0.9999,1,usdc,none,N/A,0.99995,,,
1652918400,1,1,0.9998,0.9998,usdc,none,N/A,0.9999,,,
1653004800,0.9998,1,0.9998,1,usdc,none,N/A,0.9999,,,
1653091200,1,1,0.9998,0.9999,usdc,none,N/A,0.9999,,,
1653177600,0.9999,1,0.9999,1,usdc,none,N/A,0.99995,,,
1653264000,1,1,0.9999,1,usdc,none,N/A,0.99995,,,
1653350400,1,1,0.9997,1,usdc,none,N/A,0.99985,,,
1653436800,1,1,0.9997,1,usdc,none,N/A,0.99985,,,
1653523200,1,1,0.9998,0.9998,usdc,none,N/A,0.9999,,,
1653609600,0.9998,1,0.9997,0.9999,usdc,none,N/A,0.99985,,,
1653696000,0.9999,1,0.9997,1,usdc,none,N/A,0.99985,,,
1653782400,1,1,0.9998,1,usdc,none,N/A,0.9999,,,
1653868800,1,1,0.9998,1,usdc,none,N/A,0.9999,,,
1653955200,1,1,0.9996,1,usdc,none,N/A,0.9998,,,
1654041600,1,1,0.9998,1,usdc,none,N/A,0.9999,,,
1654128000,1,1,0.9997,1,usdc,none,N/A,0.99985,,,
1654214400,1,1,0.9998,1,usdc,none,N/A,0.9999,,,
1654300800,1,1,0.9998,1,usdc,none,N/A,0.9999,,,
1654387200,1,1,0.9998,1,usdc,none,N/A,0.9999,,,
1654473600,1,1,0.9999,1,usdc,none,N/A,0.99995,,,
1654560000,1,1,0.9997,1,usdc,none,N/A,0.99985,,,
1654646400,1,1,0.9997,1,usdc,none,N/A,0.99985,,,
1654732800,1,1,0.9998,1,usdc,none,N/A,0.9999,,,
1654819200,1,1,0.9997,1,usdc,none,N/A,0.99985,,,
1654905600,1,1,0.9997,1,usdc,none,N/A,0.99985,,,
1654992000,1,1,0.9997,1,usdc,none,N/A,0.99985,,,
1655078400,1,1,0.9995,1,usdc,positive,US$500 million in USDC added to TRON DAO USDD reserve,0.99975,,,
1655164800,0.9999,1,0.9995,1,usdc,none,N/A,0.99975,,,
1655251200,1,1,0.9996,1,usdc,none,N/A,0.9998,,,
1655337600,1,1,0.9998,1,usdc,none,N/A,0.9999,,,
1655424000,1,1,0.9998,1,usdc,none,N/A,0.9999,,,
1655510400,1,1,0.9999,1,usdc,none,N/A,0.99995,,,
1655596800,1,1,0.9996,1,usdc,none,N/A,0.9998,,,
1655683200,1,1,0.9999,1,usdc,none,N/A,0.99995,,,
1655769600,1,1,0.9998,1,usdc,none,N/A,0.9999,,,
1655856000,1,1,0.9998,0.9999,usdc,none,N/A,0.9999,,,
1655942400,0.9999,1,0.9996,1,usdc,none,N/A,0.9998,,,
1656028800,1,1,0.9998,1,usdc,none,N/A,0.9999,,,
1656115200,1,1,0.9998,0.9999,usdc,none,N/A,0.9999,,,
1656201600,0.9999,1,0.9997,1,usdc,none,N/A,0.99985,,,
1656288000,1,1,0.9998,0.9998,usdc,none,N/A,0.9999,,,
1656374400,1,1,0.9998,1,usdc,none,N/A,0.9999,,,
1656460800,1,1,0.9998,1,usdc,none,N/A,0.9999,,,
1656547200,1,1,0.9998,1,usdc,none,N/A,0.9999,,,
1656633600,1,1,0.9997,0.9999,usdc,none,N/A,0.99985,,,
1656720000,1,1,0.9998,1,usdc,none,N/A,0.9999,,,
1656806400,1,1,0.9997,0.9999,usdc,none,N/A,0.99985,,,
1656892800,0.9999,1,0.9998,1,usdc,none,N/A,0.9999,,,
1656979200,1,1,0.9998,1,usdc,none,N/A,0.9999,,,
1657065600,1,1,0.9998,1,usdc,none,N/A,0.9999,,,
1657152000,1,1,0.9997,0.9999,usdc,none,N/A,0.99985,,,
1657238400,0.9999,1,0.9985,1,usdc,none,N/A,0.99925,,,
1657324800,1,1,0.9996,0.9998,usdc,none,N/A,0.9998,,,
1657411200,0.9999,1,0.9998,1,usdc,none,N/A,0.9999,,,
1657497600,1,1,0.9997,1,usdc,none,N/A,0.99985,,,
1657584000,1,1,0.9997,1,usdc,none,N/A,0.99985,,,
1657670400,1,1,0.9997,0.9999,usdc,none,N/A,0.99985,,,
1657756800,0.9999,1,0.9995,1,usdc,none,N/A,0.99975,,,
1657843200,1,1,0.9997,0.9999,usdc,none,N/A,0.99985,,,
1657929600,1,1,0.9996,0.9999,usdc,none,N/A,0.9998,,,
1658016000,0.9999,1,0.9996,1,usdc,none,N/A,0.9998,,,
1658102400,1,1,0.9995,1,usdc,none,N/A,0.99975,,,
1658188800,1,1,0.9995,1,usdc,none,N/A,0.99975,,,
1658275200,0.9999,1,0.9994,0.9999,usdc,none,N/A,0.9997,,,
1658361600,0.9999,1,0.9995,0.9999,usdc,none,N/A,0.99975,,,
1658448000,0.9999,1,0.9995,1,usdc,none,N/A,0.99975,,,
1658534400,1,1,0.9992,1,usdc,none,N/A,0.9996,,,
1658620800,0.9999,1,0.9995,1,usdc,none,N/A,0.99975,,,
1658707200,1,1,0.9996,1,usdc,none,N/A,0.9998,,,
1658793600,1,1,0.9994,0.9997,usdc,none,N/A,0.9997,,,
1658880000,0.9998,1,0.9996,1,usdc,none,N/A,0.9998,,,
1658966400,1,1,0.9996,1,usdc,none,N/A,0.9998,,,
1659052800,1,1,0.9994,1,usdc,none,N/A,0.9997,,,
1659139200,1,1,0.9992,0.9997,usdc,none,N/A,0.9996,,,
1659225600,0.9997,1,0.9994,0.9999,usdc,none,N/A,0.9997,,,
1659312000,0.9997,1,0.9993,0.9998,usdc,none,N/A,0.99965,,,
1659398400,0.9998,1,0.9995,0.9998,usdc,none,N/A,0.99975,,,
1659484800,0.9999,1,0.9993,0.9999,usdc,none,N/A,0.99965,,,
1659571200,0.9999,1,0.9996,1,usdc,none,N/A,0.9998,,,
1659657600,1,1,0.9996,1,usdc,none,N/A,0.9998,,,
1659744000,1,1,0.9994,1,usdc,none,N/A,0.9997,,,
1659830400,1,1,0.9996,0.9997,usdc,none,N/A,0.9998,,,
1659916800,0.9998,1,0.9995,0.9999,usdc,negative,Circle freezes blacklisted Tornado Cash smart contract addresses,0.99975,,,
1660003200,0.9999,1,0.9994,1,usdc,none,N/A,0.9997,,,
1660089600,1,1,0.9991,0.9998,usdc,none,N/A,0.99955,,,
1660176000,0.9998,1,0.9995,1,usdc,none,N/A,0.99975,,,
1660262400,1,1,0.9996,0.9999,usdc,none,N/A,0.9998,,,
1660348800,0.9999,1,0.9997,1,usdc,none,N/A,0.99985,,,
1660435200,1,1,0.9997,0.9999,usdc,none,N/A,0.99985,,,
1660521600,0.9999,1,0.9996,0.9998,usdc,none,N/A,0.9998,,,
1660608000,0.9999,1,0.9995,0.9999,usdc,none,N/A,0.99975,,,
1660694400,0.9999,1,0.9996,1,usdc,none,N/A,0.9998,,,
1660780800,1,1,0.9994,0.9999,usdc,none,N/A,0.9997,,,
1660867200,0.9999,1,0.9996,0.9999,usdc,none,N/A,0.9998,,,
1660953600,0.9999,1,0.9995,1,usdc,none,N/A,0.99975,,,
1661040000,0.9999,1,0.9997,1,usdc,none,N/A,0.99985,,,
1661126400,1,1,0.9998,1,usdc,negative,USDC whales leave and trading volume soars,0.9999,,,
1661212800,1,1,0.9998,1,usdc,none,N/A,0.9999,,,
1661299200,1,1,0.9997,0.9999,usdc,none,N/A,0.99985,,,
1661385600,0.9999,1,0.9996,0.9999,usdc,none,N/A,0.9998,,,
1661472000,0.9999,1,0.9997,0.9999,usdc,none,N/A,0.99985,,,
1661558400,0.9999,1,0.9995,0.9999,usdc,none,N/A,0.99975,,,
1661644800,0.9999,1,0.9997,1,usdc,none,N/A,0.99985,,,
1661731200,1,1,0.9997,1,usdc,none,N/A,0.99985,,,
1661817600,0.9999,1,0.9998,0.9999,usdc,none,N/A,0.9999,,,
1661904000,0.9999,1,0.9997,1,usdc,positive,Centre Consortium Announces Release of USD Coin Version 2.0,0.99985,,,
1661990400,0.9999,1,0.9997,1,usdc,none,N/A,0.99985,,,
1662076800,1,1,0.9997,0.9999,usdc,none,N/A,0.99985,,,
1662163200,0.9999,1,0.9997,1,usdc,none,N/A,0.99985,,,
1662249600,1,1,0.9996,1,usdc,none,N/A,0.9998,,,
1662336000,1,1,0.9998,1,usdc,none,N/A,0.9999,,,
1662422400,1,1,0.9996,0.9999,usdc,none,N/A,0.9998,,,
1662508800,0.9999,1,0.9995,0.9999,usdc,none,N/A,0.99975,,,
1662595200,0.9998,1,0.9997,0.9999,usdc,none,N/A,0.99985,,,
1662681600,0.9999,1,0.9997,0.9999,usdc,none,N/A,0.99985,,,
1662768000,0.9999,1,0.9996,0.9999,usdc,none,N/A,0.9998,,,
1662854400,0.9999,1,0.9997,0.9999,usdc,none,N/A,0.99985,,,
1662940800,0.9999,1,0.9996,0.9999,usdc,none,N/A,0.9998,,,
1663027200,0.9999,1,0.9995,1,usdc,none,N/A,0.99975,,,
1663113600,1,1,0.9994,1,usdc,none,N/A,0.9997,,,
1663200000,0.9999,1,0.9998,1,usdc,none,N/A,0.9999,,,
1663286400,1,1,0.9997,1,usdc,none,N/A,0.99985,,,
1663372800,1,1,0.9997,1,usdc,none,N/A,0.99985,,,
1663459200,1,1,0.9999,1,usdc,none,N/A,0.99995,,,
1663545600,1,1,0.9997,1,usdc,none,N/A,0.99985,,,
1663632000,0.9999,1,0.9997,0.9999,usdc,none,N/A,0.99985,,,
1663718400,0.9999,1,0.9996,0.9999,usdc,none,N/A,0.9998,,,
1663804800,0.9999,1,0.9993,1,usdc,none,N/A,0.99965,,,
1663891200,1,1,0.9996,0.9999,usdc,none,N/A,0.9998,,,
1663977600,0.9999,1,0.9997,0.9999,usdc,none,N/A,0.99985,,,
1664064000,1,1,0.9996,0.9999,usdc,none,N/A,0.9998,,,
1664150400,0.9999,1,0.9998,0.9999,usdc,none,N/A,0.9999,,,
1664236800,1,1,0.9997,1,usdc,none,N/A,0.99985,,,
1664323200,1,1,0.9997,1,usdc,positive,USDC coming to five additional blockchain ecosystems,0.99985,,,
1664409600,1,1,0.9998,1,usdc,none,N/A,0.9999,,,
1664496000,1,1,0.9997,1,usdc,none,N/A,0.99985,,,
1664582400,0.9999,1,0.9998,1,usdc,none,N/A,0.9999,,,
1664668800,1,1,0.9998,0.9999,usdc,none,N/A,0.9999,,,
1664755200,1,1,0.9994,0.9999,usdc,none,N/A,0.9997,,,
1664841600,1,1,0.9998,0.9999,usdc,none,N/A,0.9999,,,
1664928000,0.9999,1,0.9998,0.9999,usdc,none,N/A,0.9999,,,
1665014400,0.9999,1,0.9997,0.9999,usdc,none,N/A,0.99985,,,
1665100800,1,1,0.9997,0.9999,usdc,none,N/A,0.99985,,,
1665187200,0.9999,1,0.9997,1,usdc,none,N/A,0.99985,,,
1665273600,0.9999,1,0.9998,1,usdc,none,N/A,0.9999,,,
1665360000,1,1,0.9999,0.9999,usdc,none,N/A,0.99995,,,
1665446400,0.9999,1,0.9997,0.9999,usdc,none,N/A,0.99985,,,
1665532800,0.9999,1,0.9997,1,usdc,none,N/A,0.99985,,,
1665619200,1,1,0.9999,0.9999,usdc,none,N/A,0.99995,,,
1665705600,0.9999,1,0.9995,1,usdc,none,N/A,0.99975,,,
1665792000,1,1,0.9997,0.9999,usdc,none,N/A,0.99985,,,
1665878400,0.9999,1,0.9998,0.9999,usdc,none,N/A,0.9999,,,
1665964800,0.9999,1,0.9998,0.9999,usdc,none,N/A,0.9999,,,
1666051200,0.9999,1,0.9999,0.9999,usdc,none,N/A,0.99995,,,
1666137600,0.9999,1,0.9998,0.9999,usdc,none,N/A,0.9999,,,
1666224000,0.9999,1,0.9998,1,usdc,none,N/A,0.9999,,,
1666310400,1,1,0.9998,0.9999,usdc,none,N/A,0.9999,,,
1666396800,0.9999,1,0.9998,1,usdc,none,N/A,0.9999,,,
1666483200,1,1,0.9998,1,usdc,none,N/A,0.9999,,,
1666569600,1,1,0.9998,1,usdc,none,N/A,0.9999,,,
1666656000,1,1,0.9998,0.9999,usdc,none,N/A,0.9999,,,
1666742400,0.9999,1,0.9997,0.9999,usdc,none,N/A,0.99985,,,
1666828800,0.9999,1,0.9997,1,usdc,none,N/A,0.99985,,,
1666915200,1,1,0.9997,0.9999,usdc,none,N/A,0.99985,,,
1667001600,0.9999,1,0.9997,0.9999,usdc,none,N/A,0.99985,,,
1667088000,0.9999,1,0.9997,1,usdc,none,N/A,0.99985,,,
1667174400,1,1,0.9998,1,usdc,none,N/A,0.9999,,,
1667260800,1,1,0.9995,0.9999,usdc,none,N/A,0.99975,,,
1667347200,1,1,0.9997,1,usdc,none,N/A,0.99985,,,
1648857600,1,1,1,1,usdt,none,N/A,1,,,
1648944000,1,1,1,1,usdt,none,N/A,1,,,
1649030400,1,1,1,1,usdt,none,N/A,1,,,
1649116800,1,1,1,1,usdt,none,N/A,1,,,
1649203200,1,1,1,1,usdt,none,N/A,1,,,
1649289600,1,1,1,1,usdt,none,N/A,1,,,
1649376000,1,1,1,1,usdt,none,N/A,1,,,
1649462400,1,1,1,1,usdt,none,N/A,1,,,
1649548800,1,1,1,1,usdt,none,N/A,1,,,
1649635200,1,1,1,1,usdt,none,N/A,1,,,
1649721600,1,1,1,1,usdt,none,N/A,1,,,
1649808000,1,1,1,1,usdt,none,N/A,1,,,
1649894400,1,1,1,1,usdt,none,N/A,1,,,
1649980800,1,1,1,1,usdt,none,N/A,1,,,
1650067200,1,1,1,1,usdt,none,N/A,1,,,
1650153600,1,1,1,1,usdt,none,N/A,1,,,
1650240000,1,1,1,1,usdt,none,N/A,1,,,
1650326400,1,1,1,1,usdt,none,N/A,1,,,
1650412800,1,1,1,1,usdt,none,N/A,1,,,
1650499200,1,1,1,1,usdt,none,N/A,1,,,
1650585600,1,1,1,1,usdt,none,N/A,1,,,
1650672000,1,1,1,1,usdt,none,N/A,1,,,
1650758400,1,1,1,1,usdt,none,N/A,1,,,
1650844800,1,1,1,1,usdt,none,N/A,1,,,
1650931200,1,1,1,1,usdt,none,N/A,1,,,
1651017600,1,1,1,1,usdt,none,N/A,1,,,
1651104000,1,1,1,1,usdt,none,N/A,1,,,
1651190400,1,1,1,1,usdt,none,N/A,1,,,
1651276800,1,1,0.9999,1,usdt,none,N/A,0.99995,,,
1651363200,1,1,0.9999,1,usdt,none,N/A,0.99995,,,
1651449600,1,1,1,1,usdt,none,N/A,1,,,
1651536000,1,1,0.9999,0.9999,usdt,none,N/A,0.99995,,,
1651622400,0.9999,1,0.9999,1,usdt,none,N/A,0.99995,,,
1651708800,1,1,0.9999,1,usdt,none,N/A,0.99995,,,
1651795200,1,1,0.9999,0.9999,usdt,none,N/A,0.99995,,,
1651881600,0.9999,1,0.9999,0.9999,usdt,none,N/A,0.99995,,,
1651968000,0.9999,1,0.9998,0.9999,usdt,none,N/A,0.9999,,,
1652054400,0.9999,1,0.9997,0.9999,usdt,none,N/A,0.99985,,,
1652140800,0.9999,1,0.9998,0.9999,usdt,none,N/A,0.9999,,,
1652227200,0.9999,1,0.9997,0.9998,usdt,none,N/A,0.99985,,,
1652313600,0.9998,0.9999,0.9935,0.9959,usdt,none,N/A,0.9967,,,
1652400000,0.9959,0.9977,0.9485,0.9976,usdt,none,N/A,0.9731,,,
1652486400,0.9975,0.9992,0.9969,0.9982,usdt,none,N/A,0.99805,,,
1652572800,0.9982,0.999,0.9978,0.9988,usdt,none,N/A,0.9984,,,
1652659200,0.9988,0.9991,0.9985,0.9991,usdt,none,N/A,0.9988,,,
1652745600,0.9991,0.9992,0.9987,0.9988,usdt,none,N/A,0.99895,,,
1652832000,0.9988,0.9991,0.9987,0.9989,usdt,none,N/A,0.9989,,,
1652918400,0.9989,0.9991,0.9985,0.9988,usdt,none,N/A,0.9988,,,
1653004800,0.9988,0.9991,0.9985,0.999,usdt,none,N/A,0.9988,,,
1653091200,0.999,0.9994,0.9987,0.9988,usdt,none,N/A,0.99905,,,
1653177600,0.9989,0.999,0.9986,0.9988,usdt,none,N/A,0.9988,,,
1653264000,0.9988,0.9991,0.9986,0.9991,usdt,none,N/A,0.99885,,,
1653350400,0.9991,0.9993,0.9988,0.9991,usdt,none,N/A,0.99905,,,
1653436800,0.999,0.9992,0.9988,0.9991,usdt,none,N/A,0.999,,,
1653523200,0.9991,0.9992,0.9988,0.999,usdt,none,N/A,0.999,,,
1653609600,0.999,0.9992,0.9988,0.9989,usdt,positive,Tether Token (USDT) Launches on Polygon,0.999,,,
1653696000,0.9989,0.9992,0.9988,0.9989,usdt,none,N/A,0.999,,,
1653782400,0.999,0.9992,0.9988,0.999,usdt,none,N/A,0.999,,,
1653868800,0.999,0.9992,0.9989,0.9992,usdt,none,N/A,0.99905,,,
1653955200,0.9992,0.9995,0.999,0.9994,usdt,none,N/A,0.99925,,,
1654041600,0.9994,0.9995,0.9993,0.9994,usdt,none,N/A,0.9994,,,
1654128000,0.9994,0.9995,0.9989,0.9993,usdt,none,N/A,0.9992,,,
1654214400,0.9992,0.9995,0.9991,0.9993,usdt,none,N/A,0.9993,,,
1654300800,0.9993,0.9995,0.999,0.9992,usdt,none,N/A,0.99925,,,
1654387200,0.9992,0.9994,0.999,0.9993,usdt,none,N/A,0.9992,,,
1654473600,0.9993,0.9994,0.9992,0.9993,usdt,none,N/A,0.9993,,,
1654560000,0.9993,0.9995,0.9992,0.9993,usdt,none,N/A,0.99935,,,
1654646400,0.9993,0.9996,0.9991,0.9994,usdt,none,N/A,0.99935,,,
1654732800,0.9994,0.9996,0.9992,0.9993,usdt,positive,Tether Tokens (USDT) to Launch on Tezos,0.9994,,,
1654819200,0.9993,0.9995,0.9992,0.9993,usdt,none,N/A,0.99935,,,
1654905600,0.9994,0.9994,0.9991,0.9992,usdt,none,N/A,0.99925,,,
1654992000,0.9992,0.9993,0.999,0.999,usdt,none,N/A,0.99915,,,
1655078400,0.999,0.9991,0.9988,0.9991,usdt,none,N/A,0.99895,,,
1655164800,0.9991,0.9991,0.9975,0.9986,usdt,none,N/A,0.9983,,,
1655251200,0.9986,0.9991,0.9986,0.999,usdt,none,N/A,0.99885,,,
1655337600,0.9989,0.999,0.9982,0.9989,usdt,none,N/A,0.9986,,,
1655424000,0.9989,0.9991,0.9986,0.9989,usdt,none,N/A,0.99885,,,
1655510400,0.999,0.9991,0.9987,0.999,usdt,none,N/A,0.9989,,,
1655596800,0.999,0.999,0.9985,0.9987,usdt,none,N/A,0.99875,,,
1655683200,0.9987,0.999,0.9985,0.999,usdt,none,N/A,0.99875,,,
1655769600,0.9989,0.9991,0.9986,0.999,usdt,none,N/A,0.99885,,,
1655856000,0.999,0.9992,0.9989,0.9991,usdt,none,N/A,0.99905,,,
1655942400,0.9991,0.9991,0.9989,0.9991,usdt,none,N/A,0.999,,,
1656028800,0.9991,0.9993,0.9989,0.9993,usdt,none,N/A,0.9991,,,
1656115200,0.9993,0.9995,0.9991,0.9993,usdt,none,N/A,0.9993,,,
1656201600,0.9993,0.9996,0.9993,0.9995,usdt,none,N/A,0.99945,,,
1656288000,0.9996,0.9996,0.9994,0.9994,usdt,none,N/A,0.9995,,,
1656374400,0.9995,0.9996,0.999,0.9991,usdt,none,N/A,0.9993,,,
1656460800,0.9991,0.9991,0.9988,0.9988,usdt,none,N/A,0.99895,,,
1656547200,0.9988,0.9991,0.9985,0.9989,usdt,none,N/A,0.9988,,,
1656633600,0.9989,0.9991,0.9988,0.9988,usdt,none,N/A,0.99895,,,
1656720000,0.9989,0.9991,0.9987,0.9989,usdt,none,N/A,0.9989,,,
1656806400,0.9989,0.9991,0.9988,0.999,usdt,none,N/A,0.99895,,,
1656892800,0.999,0.9991,0.9989,0.9991,usdt,none,N/A,0.999,,,
1656979200,0.9991,0.9992,0.999,0.9991,usdt,none,N/A,0.9991,,,
1657065600,0.9991,0.9992,0.9989,0.9991,usdt,none,N/A,0.99905,,,
1657152000,0.9991,0.9992,0.999,0.9991,usdt,none,N/A,0.9991,,,
1657238400,0.9991,0.9995,0.999,0.9994,usdt,none,N/A,0.99925,,,
1657324800,0.9994,0.9996,0.9993,0.9994,usdt,none,N/A,0.99945,,,
1657411200,0.9994,0.9996,0.9993,0.9995,usdt,none,N/A,0.99945,,,
1657497600,0.9995,0.9996,0.9994,0.9995,usdt,none,N/A,0.9995,,,
1657584000,0.9995,0.9996,0.9991,0.9992,usdt,none,N/A,0.99935,,,
1657670400,0.9992,0.9994,0.9991,0.9993,usdt,none,N/A,0.99925,,,
1657756800,0.9993,0.9994,0.9992,0.9994,usdt,none,N/A,0.9993,,,
1657843200,0.9994,0.9995,0.9993,0.9994,usdt,none,N/A,0.9994,,,
1657929600,0.9994,0.9997,0.9993,0.9997,usdt,none,N/A,0.9995,,,
1658016000,0.9997,0.9999,0.9997,0.9998,usdt,none,N/A,0.9998,,,
1658102400,0.9998,0.9999,0.9997,0.9997,usdt,none,N/A,0.9998,,,
1658188800,0.9997,0.9999,0.9997,0.9998,usdt,none,N/A,0.9998,,,
1658275200,0.9998,1,0.9998,1,usdt,none,N/A,0.9999,,,
1658361600,1,1,1,1,usdt,none,N/A,1,,,
1658448000,1,1,0.9999,1,usdt,none,N/A,0.99995,,,
1658534400,1,1,1,1,usdt,none,N/A,1,,,
1658620800,1,1,0.9999,1,usdt,none,N/A,0.99995,,,
1658707200,1,1,0.9999,1,usdt,none,N/A,0.99995,,,
1658793600,1,1,1,1,usdt,none,N/A,1,,,
1658880000,1,1,0.9999,1,usdt,none,N/A,0.99995,,,
1658966400,1,1,0.9999,1,usdt,none,N/A,0.99995,,,
1659052800,1,1,1,1,usdt,none,N/A,1,,,
1659139200,1,1,1,1,usdt,none,N/A,1,,,
1659225600,1,1,1,1,usdt,none,N/A,1,,,
1659312000,1,1,1,1,usdt,none,N/A,1,,,
1659398400,1,1,1,1,usdt,none,N/A,1,,,
1659484800,1,1,1,1,usdt,none,N/A,1,,,
1659571200,1,1,1,1,usdt,none,N/A,1,,,
1659657600,1,1,1,1,usdt,none,N/A,1,,,
1659744000,1,1,1,1,usdt,none,N/A,1,,,
1659830400,1,1,1,1,usdt,none,N/A,1,,,
1659916800,1,1,1,1,usdt,none,N/A,1,,,
1660003200,1,1,1,1,usdt,none,N/A,1,,,
1660089600,1,1,1,1,usdt,none,N/A,1,,,
1660176000,1,1,1,1,usdt,none,N/A,1,,,
1660262400,1,1,1,1,usdt,none,N/A,1,,,
1660348800,1,1,1,1,usdt,none,N/A,1,,,
1660435200,1,1,1,1,usdt,none,N/A,1,,,
1660521600,1,1,1,1,usdt,none,N/A,1,,,
1660608000,1,1,1,1,usdt,none,N/A,1,,,
1660694400,1,1,1,1,usdt,none,N/A,1,,,
1660780800,1,1,0.9999,1,usdt,none,N/A,0.99995,,,
1660867200,1,1,0.9999,0.9999,usdt,none,N/A,0.99995,,,
1660953600,0.9999,1,0.9999,1,usdt,none,N/A,0.99995,,,
1661040000,1,1,0.9999,0.9999,usdt,none,N/A,0.99995,,,
1661126400,0.9999,1,0.9999,0.9999,usdt,none,N/A,0.99995,,,
1661212800,0.9999,1,0.9999,0.9999,usdt,none,N/A,0.99995,,,
1661299200,0.9999,1,0.9999,0.9999,usdt,none,N/A,0.99995,,,
1661385600,0.9999,1,0.9999,1,usdt,none,N/A,0.99995,,,
1661472000,1,1,0.9999,1,usdt,none,N/A,0.99995,,,
1661558400,1,1,0.9999,1,usdt,none,N/A,0.99995,,,
1661644800,1,1,0.9999,1,usdt,none,N/A,0.99995,,,
1661731200,1,1,0.9999,1,usdt,none,N/A,0.99995,,,
1661817600,1,1,0.9999,1,usdt,none,N/A,0.99995,,,
1661904000,1,1,0.9999,1,usdt,none,N/A,0.99995,,,
1661990400,1,1,0.9999,1,usdt,none,N/A,0.99995,,,
1662076800,1,1,0.9999,1,usdt,none,N/A,0.99995,,,
1662163200,0.9999,1,0.9999,1,usdt,none,N/A,0.99995,,,
1662249600,1,1,1,1,usdt,none,N/A,1,,,
1662336000,1,1,0.9999,1,usdt,none,N/A,0.99995,,,
1662422400,1,1,0.9999,1,usdt,none,N/A,0.99995,,,
1662508800,1,1,0.9999,1,usdt,none,N/A,0.99995,,,
1662595200,1,1,0.9999,1,usdt,none,N/A,0.99995,,,
1662681600,1,1,1,1,usdt,none,N/A,1,,,
1662768000,1,1,1,1,usdt,none,N/A,1,,,
1662854400,1,1,1,1,usdt,none,N/A,1,,,
1662940800,1,1,1,1,usdt,positive,Tether (USDT) Launches on Near Network,1,,,
1663027200,1,1,1,1,usdt,none,N/A,1,,,
1663113600,1,1,0.9999,1,usdt,none,N/A,0.99995,,,
1663200000,1,1,0.9999,1,usdt,none,N/A,0.99995,,,
1663286400,1,1,0.9999,1,usdt,none,N/A,0.99995,,,
1663372800,1,1,0.9999,0.9999,usdt,none,N/A,0.99995,,,
1663459200,0.9999,1,0.9999,1,usdt,none,N/A,0.99995,,,
1663545600,1,1,0.9999,1,usdt,none,N/A,0.99995,,,
1663632000,1,1,0.9999,1,usdt,none,N/A,0.99995,,,
1663718400,1,1,1,1,usdt,none,N/A,1,,,
1663804800,1,1,1,1,usdt,none,N/A,1,,,
1663891200,1,1,0.9999,0.9999,usdt,none,N/A,0.99995,,,
1663977600,0.9999,1,0.9999,0.9999,usdt,none,N/A,0.99995,,,
1664064000,0.9999,1,0.9999,1,usdt,none,N/A,0.99995,,,
1664150400,1,1,1,1,usdt,none,N/A,1,,,
1664236800,1,1,0.9999,0.9999,usdt,none,N/A,0.99995,,,
1664323200,0.9999,1,0.9999,0.9999,usdt,none,N/A,0.99995,,,
1664409600,0.9999,1,0.9999,0.9999,usdt,none,N/A,0.99995,,,
1664496000,0.9999,1,0.9999,1,usdt,none,N/A,0.99995,,,
1664582400,1,1,1,1,usdt,none,N/A,1,,,
1664668800,1,1,0.9999,1,usdt,none,N/A,0.99995,,,
1664755200,1,1,0.9999,1,usdt,none,N/A,0.99995,,,
1664841600,1,1,0.9999,1,usdt,none,N/A,0.99995,,,
1664928000,1,1,1,1,usdt,none,N/A,1,,,
1665014400,1,1,1,1,usdt,none,N/A,1,,,
1665100800,1,1,1,1,usdt,none,N/A,1,,,
1665187200,1,1,1,1,usdt,none,N/A,1,,,
1665273600,1,1,1,1,usdt,none,N/A,1,,,
1665360000,1,1,1,1,usdt,none,N/A,1,,,
1665446400,1,1,0.9999,1,usdt,none,N/A,0.99995,,,
1665532800,1,1,0.9999,0.9999,usdt,none,N/A,0.99995,,,
1665619200,0.9999,1,0.9999,0.9999,usdt,positive,Tether change reserves to US treasury bills,0.99995,,,
1665705600,0.9999,1,0.9999,1,usdt,none,N/A,0.99995,,,
1665792000,1,1,1,1,usdt,none,N/A,1,,,
1665878400,1,1,1,1,usdt,none,N/A,1,,,
1665964800,1,1,1,1,usdt,none,N/A,1,,,
1666051200,1,1,1,1,usdt,none,N/A,1,,,
1666137600,1,1,1,1,usdt,none,N/A,1,,,
1666224000,1,1,1,1,usdt,positive,Tether announces Available in Over 24000 ATMs Across Brazil on 3 November,1,,,
1666310400,1,1,0.9999,0.9999,usdt,none,N/A,0.99995,,,
1666396800,0.9999,1,0.9999,1,usdt,none,N/A,0.99995,,,
1666483200,1,1,1,1,usdt,none,N/A,1,,,
1666569600,1,1,1,1,usdt,none,N/A,1,,,
1666656000,1,1,1,1,usdt,none,N/A,1,,,
1666742400,1,1,1,1,usdt,none,N/A,1,,,
1666828800,1,1,1,1,usdt,none,N/A,1,,,
1666915200,1,1,1,1,usdt,none,N/A,1,,,
1667001600,1,1,1,1,usdt,none,N/A,1,,,
1667088000,1,1,1,1,usdt,none,N/A,1,,,
1667174400,1,1,1,1,usdt,none,N/A,1,,,
1667260800,1,1,0.9999,0.9999,usdt,none,N/A,0.99995,,,
1667347200,0.9999,0.9999,0.9998,0.9999,usdt,none,N/A,0.99985,,,
1648857600,1,1,0.9989,1,ustc,none,N/A,0.99945,,,
1648944000,1,1,0.9986,1,ustc,none,N/A,0.9993,,,
1649030400,1,1,0.999,0.9999,ustc,none,N/A,0.9995,,,
1649116800,0.9999,1,0.9963,1,ustc,none,N/A,0.99815,,,
1649203200,1,1,0.9976,0.9984,ustc,none,N/A,0.9988,,,
1649289600,0.9984,1,0.9977,1,ustc,none,N/A,0.99885,,,
1649376000,1,1,0.998,1,ustc,none,N/A,0.999,,,
1649462400,1,1,0.9995,1,ustc,none,N/A,0.99975,,,
1649548800,1,1,0.9997,1,ustc,none,N/A,0.99985,,,
1649635200,1,1,0.9998,1,ustc,none,N/A,0.9999,,,
1649721600,1,1,0.9996,1,ustc,none,N/A,0.9998,,,
1649808000,1,1,0.9996,1,ustc,none,N/A,0.9998,,,
1649894400,1,1,0.9999,1,ustc,none,N/A,0.99995,,,
1649980800,1,1,0.9997,1,ustc,none,N/A,0.99985,,,
1650067200,1,1,1,1,ustc,none,N/A,1,,,
1650153600,1,1,1,1,ustc,none,N/A,1,,,
1650240000,1,1,1,1,ustc,none,N/A,1,,,
1650326400,1,1,1,1,ustc,none,N/A,1,,,
1650412800,1,1,1,1,ustc,positive,Terra UST takes over BUSD to become third largest stablecoin,1,,,
1650499200,1,1,1,1,ustc,none,N/A,1,,,
1650585600,1,1,1,1,ustc,none,N/A,1,,,
1650672000,1,1,0.9995,1,ustc,none,N/A,0.99975,,,
1650758400,1,1,0.9995,1,ustc,none,N/A,0.99975,,,
1650844800,1,1,0.9993,1,ustc,none,N/A,0.99965,,,
1650931200,1,1,0.9982,1,ustc,none,N/A,0.9991,,,
1651017600,1,1,0.9982,1,ustc,none,N/A,0.9991,,,
1651104000,1,1,0.9984,1,ustc,none,N/A,0.9992,,,
1651190400,1,1,0.9983,1,ustc,none,N/A,0.99915,,,
1651276800,1,1,0.9976,1,ustc,none,N/A,0.9988,,,
1651363200,1,1,0.9979,0.9996,ustc,none,N/A,0.99895,,,
1651449600,0.9998,1,0.9976,1,ustc,none,N/A,0.9988,,,
1651536000,1,1,0.998,1,ustc,none,N/A,0.999,,,
1651622400,0.9989,1,0.9981,1,ustc,none,N/A,0.99905,,,
1651708800,1,1,0.9966,0.9994,ustc,none,N/A,0.9983,,,
1651795200,1,1,0.9979,0.9995,ustc,none,N/A,0.99895,,,
1651881600,0.9998,1,0.9981,0.9996,ustc,negative,LARGE amounts of UST selling on ANCHOR (approx 500million),0.99905,,,
1651968000,0.9999,1,0.9927,0.9969,ustc,negative,UST depegs LFG deploys assets to defend peg (750million in BTC sold to buy UST. BTC value drops),0.99635,,,
1652054400,0.9969,0.9997,0.9905,0.9964,ustc,negative,UST Depegs again to 35 cents LUNA keeps falling,0.9951,,,
1652140800,0.9954,0.999,0.7934,0.7934,ustc,none,N/A,0.8962,,,
1652227200,0.8059,0.9486,0.6841,0.7999,ustc,none,N/A,0.81635,,,
1652313600,0.7994,0.8474,0.2998,0.8011,ustc,negative,UST Downfall Brings Record Volumes to Curve: IntoTheBlock,0.5736,,,
1652400000,0.8011,0.8294,0.3626,0.4086,ustc,none,N/A,0.596,,,
1652486400,0.4055,0.4069,0.1331,0.154,ustc,none,N/A,0.27,,,
1652572800,0.1619,0.2552,0.1483,0.1964,ustc,none,N/A,0.20175,,,
1652659200,0.196,0.2613,0.1703,0.1767,ustc,none,N/A,0.2158,,,
1652745600,0.1766,0.1866,0.0944,0.1264,ustc,none,N/A,0.1405,,,
1652832000,0.1265,0.1562,0.1078,0.1303,ustc,none,N/A,0.132,,,
1652918400,0.1303,0.3142,0.08784,0.09096,ustc,none,N/A,0.20102,,,
1653004800,0.09099,0.1151,0.07601,0.07601,ustc,none,N/A,0.095555,,,
1653091200,0.07606,0.09172,0.0613,0.06627,ustc,none,N/A,0.07651,,,
1653177600,0.06621,0.06621,0.05086,0.05648,ustc,none,N/A,0.058535,,,
1653264000,0.05753,0.07346,0.05107,0.06429,ustc,none,N/A,0.062265,,,
1653350400,0.06428,0.08241,0.05446,0.07137,ustc,none,N/A,0.068435,,,
1653436800,0.07122,0.0925,0.06171,0.07,ustc,none,N/A,0.077105,,,
1653523200,0.06961,0.3221,0.06755,0.09463,ustc,none,N/A,0.194825,,,
1653609600,0.09473,0.5347,0.04801,0.06392,ustc,none,N/A,0.291355,,,
1653696000,0.06399,0.064,0.03277,0.0348,ustc,none,N/A,0.048385,,,
1653782400,0.04006,0.04073,0.01846,0.02879,ustc,none,N/A,0.029595,,,
1653868800,0.02866,0.03115,0.0233,0.02677,ustc,none,N/A,0.027225,,,
1653955200,0.02677,0.03301,0.02501,0.02511,ustc,none,N/A,0.02901,,,
1654041600,0.02505,0.02628,0.02085,0.02144,ustc,none,N/A,0.023565,,,
1654128000,0.02144,0.02177,0.01505,0.01606,ustc,none,N/A,0.01841,,,
1654214400,0.01605,0.02045,0.01454,0.01994,ustc,none,N/A,0.017495,,,
1654300800,0.01976,0.02132,0.01718,0.01933,ustc,none,N/A,0.01925,,,
1654387200,0.01934,0.01974,0.01767,0.01823,ustc,none,N/A,0.018705,,,
1654473600,0.01823,0.01838,0.01568,0.0159,ustc,none,N/A,0.01703,,,
1654560000,0.01589,0.01727,0.01565,0.0158,ustc,none,N/A,0.01646,,,
1654646400,0.01578,0.01615,0.01335,0.01343,ustc,none,N/A,0.01475,,,
1654732800,0.01342,0.01342,0.009796,0.009796,ustc,none,N/A,0.011608,,,
1654819200,0.009792,0.01199,0.009257,0.01147,ustc,none,N/A,0.0106235,,,
1654905600,0.01147,0.01158,0.009606,0.009699,ustc,none,N/A,0.010593,,,
1654992000,0.009703,0.009973,0.008632,0.00872,ustc,none,N/A,0.0093025,,,
1655078400,0.00872,0.01096,0.008088,0.009822,ustc,none,N/A,0.009524,,,
1655164800,0.009819,0.009819,0.00821,0.008378,ustc,none,N/A,0.0090145,,,
1655251200,0.008381,0.008723,0.007862,0.008099,ustc,none,N/A,0.0082925,,,
1655337600,0.008107,0.008157,0.006925,0.007789,ustc,none,N/A,0.007541,,,
1655424000,0.007791,0.008139,0.006918,0.006929,ustc,none,N/A,0.0075285,,,
1655510400,0.006928,0.007564,0.006911,0.007289,ustc,none,N/A,0.0072375,,,
1655596800,0.00729,0.007363,0.006218,0.00654,ustc,none,N/A,0.0067905,,,
1655683200,0.00654,0.008755,0.00633,0.008107,ustc,none,N/A,0.0075425,,,
1655769600,0.008111,0.00913,0.007727,0.008227,ustc,none,N/A,0.0084285,,,
1655856000,0.008231,0.008829,0.008209,0.008307,ustc,none,N/A,0.008519,,,
1655942400,0.008308,0.008335,0.007895,0.008151,ustc,none,N/A,0.008115,,,
1656028800,0.008149,0.008572,0.008143,0.008526,ustc,none,N/A,0.0083575,,,
1656115200,0.008528,0.01682,0.008496,0.01383,ustc,none,N/A,0.012658,,,
1656201600,0.0139,0.01557,0.009191,0.009738,ustc,none,N/A,0.0123805,,,
1656288000,0.009741,0.02363,0.009741,0.02318,ustc,none,N/A,0.0166855,,,
1656374400,0.02319,0.04313,0.01423,0.02043,ustc,none,N/A,0.02868,,,
1656460800,0.02044,0.05897,0.01752,0.04216,ustc,none,N/A,0.038245,,,
1656547200,0.04232,0.08966,0.03986,0.0811,ustc,none,N/A,0.06476,,,
1656633600,0.08098,0.08122,0.04415,0.04681,ustc,none,N/A,0.062685,,,
1656720000,0.04681,0.06962,0.04136,0.06353,ustc,none,N/A,0.05549,,,
1656806400,0.06363,0.06495,0.05392,0.05661,ustc,none,N/A,0.059435,,,
1656892800,0.05661,0.06575,0.05514,0.0656,ustc,none,N/A,0.060445,,,
1656979200,0.06562,0.06825,0.06285,0.06453,ustc,none,N/A,0.06555,,,
1657065600,0.06449,0.06449,0.0552,0.05708,ustc,none,N/A,0.059845,,,
1657152000,0.05707,0.05877,0.04849,0.0516,ustc,none,N/A,0.05363,,,
1657238400,0.05158,0.05652,0.04892,0.05262,ustc,none,N/A,0.05272,,,
1657324800,0.05261,0.05285,0.04968,0.05003,ustc,none,N/A,0.051265,,,
1657411200,0.05002,0.05003,0.04781,0.04875,ustc,none,N/A,0.04892,,,
1657497600,0.04873,0.05383,0.04866,0.05118,ustc,none,N/A,0.051245,,,
1657584000,0.05119,0.05164,0.04766,0.0477,ustc,none,N/A,0.04965,,,
1657670400,0.04771,0.04782,0.04184,0.04186,ustc,none,N/A,0.04483,,,
1657756800,0.04188,0.043,0.03761,0.03959,ustc,none,N/A,0.040305,,,
1657843200,0.03959,0.03963,0.03421,0.03579,ustc,none,N/A,0.03692,,,
1657929600,0.03578,0.05252,0.03471,0.0501,ustc,none,N/A,0.043615,,,
1658016000,0.05012,0.0511,0.04324,0.04334,ustc,none,N/A,0.04717,,,
1658102400,0.04335,0.04498,0.04262,0.04326,ustc,none,N/A,0.0438,,,
1658188800,0.04325,0.04688,0.04244,0.04488,ustc,none,N/A,0.04466,,,
1658275200,0.04489,0.04489,0.0423,0.043,ustc,none,N/A,0.043595,,,
1658361600,0.043,0.04409,0.03875,0.03923,ustc,none,N/A,0.04142,,,
1658448000,0.03923,0.04037,0.03763,0.03984,ustc,none,N/A,0.039,,,
1658534400,0.03985,0.03989,0.03778,0.03804,ustc,none,N/A,0.038835,,,
1658620800,0.03803,0.03945,0.03617,0.03793,ustc,none,N/A,0.03781,,,
1658707200,0.03793,0.03853,0.03676,0.03717,ustc,none,N/A,0.037645,,,
1658793600,0.03717,0.0372,0.035,0.035,ustc,none,N/A,0.0361,,,
1658880000,0.03499,0.03529,0.03292,0.03529,ustc,none,N/A,0.034105,,,
1658966400,0.03532,0.04169,0.03504,0.03676,ustc,none,N/A,0.038365,,,
1659052800,0.03676,0.03791,0.03614,0.03727,ustc,none,N/A,0.037025,,,
1659139200,0.03727,0.03786,0.03533,0.03567,ustc,none,N/A,0.036595,,,
1659225600,0.03568,0.03749,0.03486,0.03523,ustc,none,N/A,0.036175,,,
1659312000,0.03523,0.03619,0.0348,0.03496,ustc,none,N/A,0.035495,,,
1659398400,0.03494,0.03922,0.03494,0.03596,ustc,none,N/A,0.03708,,,
1659484800,0.03596,0.03603,0.03371,0.03423,ustc,none,N/A,0.03487,,,
1659571200,0.03422,0.03472,0.03353,0.03353,ustc,none,N/A,0.034125,,,
1659657600,0.03353,0.03432,0.03305,0.03341,ustc,none,N/A,0.033685,,,
1659744000,0.0334,0.03403,0.03321,0.03369,ustc,none,N/A,0.03362,,,
1659830400,0.03369,0.03385,0.03314,0.03353,ustc,none,N/A,0.033495,,,
1659916800,0.03352,0.03352,0.03198,0.03231,ustc,none,N/A,0.03275,,,
1660003200,0.03231,0.03265,0.0314,0.03143,ustc,none,N/A,0.032025,,,
1660089600,0.03142,0.03178,0.02916,0.02981,ustc,none,N/A,0.03047,,,
1660176000,0.02981,0.03083,0.02871,0.02972,ustc,none,N/A,0.02977,,,
1660262400,0.02972,0.03047,0.02887,0.02888,ustc,none,N/A,0.02967,,,
1660348800,0.02888,0.0296,0.02834,0.0291,ustc,none,N/A,0.02897,,,
1660435200,0.0291,0.02917,0.02774,0.02781,ustc,none,N/A,0.028455,,,
1660521600,0.02782,0.02965,0.02649,0.02855,ustc,none,N/A,0.02807,,,
1660608000,0.02855,0.02855,0.02601,0.02621,ustc,none,N/A,0.02728,,,
1660694400,0.02621,0.02656,0.0259,0.02599,ustc,none,N/A,0.02623,,,
1660780800,0.02599,0.02649,0.02435,0.02447,ustc,none,N/A,0.02542,,,
1660867200,0.02448,0.02872,0.02388,0.02661,ustc,none,N/A,0.0263,,,
1660953600,0.0266,0.02764,0.02241,0.02241,ustc,none,N/A,0.025025,,,
1661040000,0.0224,0.02314,0.02196,0.02239,ustc,none,N/A,0.02255,,,
1661126400,0.02239,0.02281,0.02232,0.02262,ustc,none,N/A,0.022565,,,
1661212800,0.02262,0.02307,0.02191,0.02292,ustc,none,N/A,0.02249,,,
1661299200,0.02292,0.03237,0.02282,0.03045,ustc,none,N/A,0.027595,,,
1661385600,0.03046,0.03145,0.02666,0.02668,ustc,none,N/A,0.029055,,,
1661472000,0.02668,0.03112,0.02642,0.03034,ustc,none,N/A,0.02877,,,
1661558400,0.03032,0.03032,0.02532,0.02543,ustc,none,N/A,0.02782,,,
1661644800,0.02544,0.02599,0.02479,0.0255,ustc,none,N/A,0.02539,,,
1661731200,0.02554,0.02586,0.0242,0.02423,ustc,none,N/A,0.02503,,,
1661817600,0.02423,0.02719,0.02402,0.02684,ustc,none,N/A,0.025605,,,
1661904000,0.02685,0.02796,0.0249,0.02602,ustc,none,N/A,0.02643,,,
1661990400,0.02602,0.03198,0.02553,0.03069,ustc,none,N/A,0.028755,,,
1662076800,0.03069,0.04108,0.03007,0.03711,ustc,none,N/A,0.035575,,,
1662163200,0.03712,0.03872,0.03077,0.03099,ustc,none,N/A,0.034745,,,
1662249600,0.031,0.03314,0.0297,0.0319,ustc,none,N/A,0.03142,,,
1662336000,0.0319,0.03253,0.0296,0.03012,ustc,none,N/A,0.031065,,,
1662422400,0.03013,0.03794,0.02998,0.03793,ustc,none,N/A,0.03396,,,
1662508800,0.03788,0.04609,0.03533,0.04118,ustc,none,N/A,0.04071,,,
1662595200,0.04117,0.04602,0.03805,0.04218,ustc,none,N/A,0.042035,,,
1662681600,0.0422,0.05056,0.04176,0.04295,ustc,none,N/A,0.04616,,,
1662768000,0.04311,0.06588,0.04068,0.06017,ustc,none,N/A,0.05328,,,
1662854400,0.06017,0.06752,0.05733,0.06094,ustc,none,N/A,0.062425,,,
1662940800,0.06103,0.06432,0.051,0.05174,ustc,none,N/A,0.05766,,,
1663027200,0.05178,0.05379,0.04224,0.04227,ustc,none,N/A,0.048015,,,
1663113600,0.04228,0.04846,0.04193,0.04528,ustc,none,N/A,0.045195,,,
1663200000,0.04491,0.04605,0.03418,0.03753,ustc,none,N/A,0.040115,,,
1663286400,0.03753,0.0376,0.03109,0.03163,ustc,none,N/A,0.034345,,,
1663372800,0.03164,0.03678,0.03156,0.03492,ustc,none,N/A,0.03417,,,
1663459200,0.03492,0.03515,0.03277,0.03308,ustc,none,N/A,0.03396,,,
1663545600,0.03309,0.03375,0.0291,0.02925,ustc,none,N/A,0.031425,,,
1663632000,0.02929,0.03682,0.02925,0.03503,ustc,none,N/A,0.033035,,,
1663718400,0.03505,0.03529,0.03178,0.03384,ustc,none,N/A,0.033535,,,
1663804800,0.03384,0.03497,0.03213,0.03269,ustc,none,N/A,0.03355,,,
1663891200,0.0327,0.0332,0.03212,0.0323,ustc,none,N/A,0.03266,,,
1663977600,0.0323,0.0329,0.02995,0.03084,ustc,none,N/A,0.031425,,,
1664064000,0.03084,0.0321,0.02987,0.03011,ustc,none,N/A,0.030985,,,
1664150400,0.03011,0.03055,0.02782,0.02832,ustc,none,N/A,0.029185,,,
1664236800,0.02832,0.03384,0.02645,0.03328,ustc,none,N/A,0.030145,,,
1664323200,0.03331,0.03366,0.0305,0.03127,ustc,none,N/A,0.03208,,,
1664409600,0.03127,0.03262,0.02935,0.03111,ustc,none,N/A,0.030985,,,
1664496000,0.03112,0.0312,0.03021,0.03058,ustc,none,N/A,0.030705,,,
1664582400,0.0306,0.03318,0.03045,0.03197,ustc,none,N/A,0.031815,,,
1664668800,0.03195,0.03258,0.03096,0.03232,ustc,none,N/A,0.03177,,,
1664755200,0.03231,0.03421,0.03191,0.03206,ustc,none,N/A,0.03306,,,
1664841600,0.03208,0.03228,0.03061,0.03121,ustc,none,N/A,0.031445,,,
1664928000,0.03121,0.03172,0.03076,0.03093,ustc,none,N/A,0.03124,,,
1665014400,0.03093,0.03126,0.02991,0.03026,ustc,none,N/A,0.030585,,,
1665100800,0.03025,0.03058,0.02936,0.02945,ustc,none,N/A,0.02997,,,
1665187200,0.02946,0.03017,0.02921,0.02938,ustc,none,N/A,0.02969,,,
1665273600,0.02939,0.02963,0.02906,0.02933,ustc,positive,USTC jumps over 35% in 24 hours as re-peg proposal emerges,0.029345,,,
1665360000,0.02932,0.0363,0.02894,0.03431,ustc,none,N/A,0.03262,,,
1665446400,0.03432,0.04509,0.03305,0.04296,ustc,none,N/A,0.03907,,,
1665532800,0.04296,0.06012,0.04088,0.05802,ustc,none,N/A,0.0505,,,
1665619200,0.05809,0.0621,0.04428,0.04443,ustc,positive,Binance Adds UST to Borrowable Assets List,0.05319,,,
1665705600,0.04443,0.05357,0.0444,0.05287,ustc,none,N/A,0.048985,,,
1665792000,0.05282,0.05337,0.04594,0.04627,ustc,none,N/A,0.049655,,,
1665878400,0.0463,0.04768,0.04111,0.04183,ustc,none,N/A,0.044395,,,
1665964800,0.04183,0.04239,0.03767,0.03767,ustc,none,N/A,0.04003,,,
1666051200,0.03767,0.04134,0.03698,0.03842,ustc,none,N/A,0.03916,,,
1666137600,0.03842,0.03887,0.0357,0.03595,ustc,none,N/A,0.037285,,,
1666224000,0.03595,0.04059,0.03423,0.04048,ustc,positive,UST Trading Vol Skyrockets By 240%,0.03741,,,
1666310400,0.04046,0.04161,0.03665,0.03705,ustc,none,N/A,0.03913,,,
1666396800,0.03706,0.03782,0.03531,0.03749,ustc,none,N/A,0.036565,,,
1666483200,0.0375,0.0377,0.03537,0.03601,ustc,none,N/A,0.036535,,,
1666569600,0.03604,0.03903,0.03536,0.03808,ustc,none,N/A,0.037195,,,
1666656000,0.03811,0.03811,0.03612,0.03648,ustc,none,N/A,0.037115,,,
1666742400,0.03648,0.03798,0.03626,0.03706,ustc,none,N/A,0.03712,,,
1666828800,0.03705,0.03832,0.03697,0.03715,ustc,positive,UST climbs 15% in 24 hours reclaiming $400 million market cap,0.037645,,,
1666915200,0.03706,0.04329,0.03706,0.04154,ustc,none,N/A,0.040175,,,
1667001600,0.04155,0.0465,0.04108,0.04121,ustc,none,N/A,0.04379,,,
1667088000,0.04124,0.04231,0.03819,0.0386,ustc,none,N/A,0.04025,,,
1667174400,0.0386,0.0404,0.03787,0.03949,ustc,none,N/A,0.039135,,,
1667260800,0.03949,0.03955,0.03756,0.03776,ustc,none,N/A,0.038555,,,
1667347200,0.03776,0.03848,0.03715,0.03726,ustc,none,N/A,0.037815,,,
