name;index;industry;sector;pca_0;pca_1;pca_2
F&F Holdings Co., Ltd.;007700;Apparel Manufacturing;Consumer Cyclical;0.1821013238454967;0.1813098095161176;-0.005837078182631759
SPC Samlip Co., Ltd.;005610;Packaged Foods;Consumer Defensive;0.15898761295936337;0.2038474827749492;-0.03414322868972496
Korea Petrochemical Ind. Co., Ltd.;006650;Chemicals;Basic Materials;0.08256016098323693;0.1669313987390458;-0.1806242723409543
Ottogi Corporation;007310;Packaged Foods;Consumer Defensive;0.15129486697268302;-0.03601642471007005;0.24879025521051346
Samhwa Paints Industrial Co., Ltd.;000390;Specialty Chemicals;Basic Materials;0.22630023934372423;-0.06283629775992758;0.20666159886084656
Hanssem Co., Ltd.;009240;Furnishings, Fixtures & Appliances;Consumer Cyclical;0.10776661690188766;0.12768334202482814;0.12130742014455767
Korea Zinc Company, Ltd.;010130;Other Industrial Metals & Mining;Basic Materials;0.10847187759955013;-0.16942289832083562;-0.12589807405234824
BAIKSAN Co,. Ltd;035150;Footwear & Accessories;Consumer Cyclical;0.10097144527731866;0.18128481980536845;-0.2595005443944621
Youngbo Chemical Co., Ltd.;014440;Chemicals;Basic Materials;0.1551564065851152;-0.14723087671409713;0.021464909171476244
Hanwha Solutions Corporation;009830;Solar;Technology;0.07523703219496858;0.10079529035914994;-0.28108721198709485
Chungho Ict Co.,Ltd.;012600;Business Equipment & Supplies;Industrials;0.13901229762017575;0.05050061273621528;0.020679429183848172
Busan Industrial Co., Ltd.;011390;Building Materials;Basic Materials;0.02112316548279697;0.14886231916401207;-0.005013403897981619
Hansol Chemical Co., Ltd.;014680;Chemicals;Basic Materials;0.12017585159518224;0.022556159592110492;-0.08901659052145747
Samyoung Electronics Co., Ltd;005680;Electronic Components;Technology;0.3401635731683079;-0.17720670028898125;0.08590599257432185
SL Corporation;005850;Auto Parts;Consumer Cyclical;0.1171469409826153;-0.0012193975552519387;-0.11766945717217966
Hansung Enterprise Co.,Ltd;003680;Packaged Foods;Consumer Defensive;0.18095777582923855;0.005398657614359703;-0.10692510800004801
Daegu Department Store Co., Ltd.;006370;Department Stores;Consumer Cyclical;0.24771994185724522;-0.23581260647490088;0.21779199332057442
TKG Huchems Co., Ltd.;069260;Chemicals;Basic Materials;0.17582209272125082;-0.11032870242458132;-0.13491890708955456
Silla Co.,Ltd;004970;Packaged Foods;Consumer Defensive;0.1544494843136427;-0.03726827219759116;-0.030527381463161953
Daeho Al Co.,Ltd.;069460;Aluminum;Basic Materials;0.07450676277168211;0.294783602519584;-0.19897958163664536
SAMICK MUSICAL INSTRUMENT Co., Ltd;002450;Electronic Components;Technology;0.08143016369234041;0.05362094076934815;-0.010314838011340054
Hyundai Motor Securities Co.,Ltd.;001500;Capital Markets;Financial Services;0.15199090289934725;-0.24989524903948807;-0.05707548943157557
Sebang Global Battery Co., Ltd.;004490;Electrical Equipment & Parts;Industrials;0.18404404714608225;-0.2484664551768695;0.012887173610925997
INZI Controls Co.,Ltd.;023800;Auto Parts;Consumer Cyclical;0.21044463657364532;-0.19167226181485764;-0.11658697104931745
Kyobo Securities Co.,Ltd.;030610;Capital Markets;Financial Services;0.18041464924511408;-0.08255167607400193;-0.16572788245714126
Hanatour Service Inc.;039130;Travel Services;Consumer Cyclical;0.08545447724090222;0.04485529002917632;-0.1304002310089204
LG Uplus Corp.;032640;Telecom Services;Communication Services;0.27978829329324506;-0.12950199660731054;0.18737789191046106
Jahwa Electronics. Co., Ltd;033240;Electronic Components;Technology;0.1406704756187337;0.12887752763541513;0.0029522858405054905
Daishin Securities Co.,Ltd;003540;Capital Markets;Financial Services;0.28326022429038356;-0.1934941349135022;-0.01458056032334553
Korea Movenex Co., Ltd.;010100;Auto Parts;Consumer Cyclical;0.2086282642698909;-0.03574902884584538;-0.03149185421930754
DL Holdings CO., LTD.;000210;Specialty Chemicals;Basic Materials;0.17862423118402504;0.012211465531900612;-0.20745370377039618
DL Holdings CO., LTD.;000215;Specialty Chemicals;Basic Materials;0.1787275963624949;-0.07322733389016257;-0.15825176049546888
DB Insurance Co., Ltd.;005830;Insurance - Property & Casualty;Financial Services;0.19481855520908598;-0.09865321119224771;-0.0921200916081869
Dong Yang Steel Pipe Co., Ltd.;008970;Steel;Basic Materials;0.09996968700211784;0.0825336216842075;-0.09706782722708854
Samwha Electric Co.,Ltd.;009470;Electronic Components;Technology;0.10660775920652893;0.14514859092412594;-0.14644041353863252
Hanwha Investment & Securities Co., Ltd.;003530;Capital Markets;Financial Services;0.28434362267181723;-0.07673063851177253;-0.3221834678353059
SNT Motiv Co., Ltd.;064960;Auto Parts;Consumer Cyclical;0.14031139599766607;-0.03089641879323063;-0.20519530794442906
STIC Investments, Inc.;026890;Asset Management;Financial Services;0.10300148876038107;0.07001702261168583;-0.14203014044728607
Kukdo Chemical Co., Ltd.;007690;Chemicals;Basic Materials;0.18985173287272672;-0.19604539704617652;-0.10941726587939751
Yuhan Corporation;000100;Drug Manufacturers - Specialty & Generic;Healthcare;0.19288641840217358;-0.1797977847111805;0.20158541151116263
HL D&I Halla Corporation;014790;Engineering & Construction;Industrials;0.09417574370779419;0.05201907810708423;-0.15330120189817373
Samsung SDI Co., Ltd.;006400;Electrical Equipment & Parts;Industrials;0.22095860592840733;0.033334716406266424;-0.05964922594595579
Daou Technology Inc.;023590;Information Technology Services;Technology;0.09660537733549218;0.07899782414896458;-0.21503656627067508
Samsung SDI Co., Ltd.;006405;Electrical Equipment & Parts;Industrials;0.219761019650483;-0.07063230901462977;0.03425643504485667
SK Gas Co., Ltd.;018670;Oil & Gas Refining & Marketing;Energy;0.27978985362211006;-0.2043950738881801;0.12330099791351642
Samsung Fire & Marine Insurance Co., Ltd.;000810;Insurance - Property & Casualty;Financial Services;0.3076447404868219;-0.28461174176918747;-0.029983190522981845
HS Hwasung Co., Ltd.;002460;Engineering & Construction;Industrials;0.13309052495731527;0.1235375023048835;0.04955210311172974
Eagon Industrial Co., Ltd.;008250;Lumber & Wood Production;Basic Materials;0.10929506668993366;0.307041121896411;-0.04579657265069526
Kwang Myung Electric Co.,Ltd;017040;Electrical Equipment & Parts;Industrials;0.09141322609438446;0.020163633638710904;-0.1423947469389016
Kyeryong Construction Industrial Co., Ltd.;013580;Engineering & Construction;Industrials;0.18810866163022544;0.033139965878757865;0.004103263048173173
Hankook Shell Oil Co.,Ltd.;002960;Oil & Gas Refining & Marketing;Energy;0.35473453203096317;-0.4362317056029097;0.223731328207696
Bukwang Pharmaceutical Co., Ltd.;003000;Drug Manufacturers - Specialty & Generic;Healthcare;0.06533308631804552;0.07991823035356774;0.06718217168040944
Samsung Climate Control Co., Ltd.;006660;Auto Parts;Consumer Cyclical;0.40141372024280275;-0.26592381830533357;0.20931018112391012
Korea Gas Corporation;036460;Utilities - Regulated Gas;Utilities;0.26573150008636415;-0.19915369964784083;0.0017572787273979693
sindoh Co.,Ltd.;029530;Business Equipment & Supplies;Industrials;0.32577094964193765;-0.3676005761638024;0.17582235737112767
Kumkang Kind Co., Ltd.;014280;Steel;Basic Materials;0.15527927619151627;0.12008047361421367;0.08100248748566594
LG Electronics Inc.;066570;Consumer Electronics;Technology;0.28894548610873116;-0.14730363055663886;-0.19859900193451926
LG Electronics Inc.;066575;Consumer Electronics;Technology;0.2504136273844829;-0.1744658756936782;-0.22501071744656695
Keyang Electric Machinery Co., Ltd.;012200;Tools & Accessories;Industrials;0.21037798345067327;-0.08403869921986334;-0.15686747565410344
Samsung Heavy Industries Co., Ltd.;010140;Aerospace & Defense;Industrials;0.21130483852765514;0.03234598762245719;-0.2535898985872581
LG H&H Co., Ltd.;051900;Household & Personal Products;Consumer Defensive;0.22933215443978283;-0.07443918514869723;0.02947616468766262
Kwang Dong Pharmaceutical Co., Ltd.;009290;Packaged Foods;Consumer Defensive;0.15713862121360322;-0.048439810251687226;0.006208287755422724
Korea Electric Terminal Co., Ltd.;025540;Electrical Equipment & Parts;Industrials;0.18650790789490812;-0.1682771534567631;0.11435229732579189
Lotte Chilsung Beverage Co., Ltd.;005300;Beverages - Non-Alcoholic;Consumer Defensive;0.24830995869170192;-0.20578752017217253;0.24587227938788653
Shinyoung Securities Co., Ltd.;001720;Capital Markets;Financial Services;0.33778942268714807;-0.382434823975322;0.25523554713081426
SeAH Holdings Corporation;058650;Steel;Basic Materials;0.20742267762094602;-0.12818854221144013;-0.027186410839805754
Samsung Securities Co.,Ltd.;016360;Capital Markets;Financial Services;0.2394737291643999;-0.2527108928408539;-0.12468534723094657
NH Investment & Securities Co., Ltd.;005945;Capital Markets;Financial Services;0.3596506587676085;-0.3865313837344327;-0.0655159023258646
Hyosung Corporation;004800;Conglomerates;Industrials;0.1764778362136834;0.0037960929770998186;-0.18432755274706347
NH Investment & Securities Co., Ltd.;005940;Capital Markets;Financial Services;0.13565842955224616;-0.13253233594242275;-0.1590502973371329
GC Biopharma Corp.;006280;Drug Manufacturers - Specialty & Generic;Healthcare;0.1296431861865867;-0.023853829239160185;0.24482993532026143
GS Engineering & Construction Corporation;006360;Engineering & Construction;Industrials;0.1737370806932117;-0.011779737667531459;-0.24104885343377067
HANSHIN Engineering & Construction Co., Ltd.;004960;Engineering & Construction;Industrials;0.1069029205304673;0.1975501630562431;0.009325275264528666
Daeduck Co.,Ltd.;008060;Electronic Components;Technology;0.26113754805425415;-0.34665052791787526;0.01708139882071294
Hyundai Bng Steel Co., Ltd.;004560;Steel;Basic Materials;0.12880056027196402;0.00377433993236867;-0.17311504210899345
HWASHIN CO.,Ltd;010690;Auto Parts;Consumer Cyclical;0.10592750524930739;-0.08805266280363394;-0.008998255796677443
SeAH Steel Holdings Corporation;003030;Steel;Basic Materials;0.1878765718882266;-0.12679319193067956;0.022678933101505892
Hwacheon Machinery Co., Ltd.;010660;Specialty Industrial Machinery;Industrials;0.27966488346699514;-0.27024109509985694;0.15015196994614996
Hyundai Steel Company;004020;Steel;Basic Materials;0.2002745647117664;-0.15481898355653928;-0.2234252111598
DCM Corp.;024090;Steel;Basic Materials;0.2876210361270567;-0.058623247738604556;0.171404006198385
Hanjin Transportation Co., Ltd.;002320;Integrated Freight & Logistics;Industrials;0.11213436760710427;0.17331550073367272;-0.11291143674109091
Samsung Electro-Mechanics Co., Ltd.;009155;Electronic Components;Technology;0.22773091887037478;-0.2496187714154312;-0.1673273012822058
Young Poong Corporation;000670;Electronic Components;Technology;0.14182096326698201;-0.03799899760455172;0.09864589294917228
Kumho Electric, Inc.;001210;Electrical Equipment & Parts;Industrials;0.14833470096453194;-0.03931829616121002;-0.174809617121195
Lotte Chemical Corporation;011170;Chemicals;Basic Materials;0.10634471068808005;0.15411111581647505;-0.15228740125807874
Samyung Trading Co., Ltd.;002810;Industrial Distribution;Industrials;0.15427379317011702;-0.05152636408919581;0.05528846016342085
OCI Holdings Company Ltd.;010060;Asset Management;Financial Services;0.08442783173785828;0.11618272751270833;-0.10558817468160506
Binggrae Co., Ltd.;005180;Packaged Foods;Consumer Defensive;0.3042680887189163;-0.3092038982998231;0.23860647084576891
Korea Electric Power Corporation;015760;Utilities - Regulated Electric;Utilities;0.3229816185570016;-0.1770158780692835;0.20011563143386465
POSCO STEELEON Co., Ltd.;058430;Metal Fabrication;Industrials;0.22273151328401264;-0.14472105161806148;-0.10487078893590734
Kia Corporation;000270;Auto Manufacturers;Consumer Cyclical;0.28423986701430914;-0.2665989487232424;-0.16606909797954122
Hyundai Mobis Co.,Ltd;012330;Auto Parts;Consumer Cyclical;0.2788120971926591;-0.18346461366770284;-0.1843149790540357
COWAY Co., Ltd.;021240;Furnishings, Fixtures & Appliances;Consumer Cyclical;0.20228504870299346;-0.04128557180453199;0.07042556810082243
ORION Holdings Corp.;001800;Confectioners;Consumer Defensive;0.1618805136243282;-0.17539122887448588;0.09517239406601813
E1 Corporation;017940;Oil & Gas Refining & Marketing;Energy;0.31134580914859566;-0.3051734495510074;0.19181349364543285
Monalisa Co., Ltd;012690;Household & Personal Products;Consumer Defensive;0.08670658761642569;0.11952642326466958;0.04040130998666303
CJ Seafood Corporation;011150;Packaged Foods;Consumer Defensive;0.1291884231293443;-0.006084360481076467;-0.11647285445108035
S-1 Corporation;012750;Security & Protection Services;Industrials;0.31408003987776467;-0.15678996082107122;0.19409484194053425
HD Korea Shipbuilding & Offshore Engineering Co., Ltd.;009540;Aerospace & Defense;Industrials;0.16048837661107396;0.06645555055237876;-0.2485563480424878
Hd Hyundai Mipo Co.,Ltd.;010620;Marine Shipping;Industrials;0.1041849813460149;0.12029667341904052;-0.23853390695518248
Hyundai Motor Company;005389;Auto Manufacturers;Consumer Cyclical;0.29855971089792144;-0.4063733099162603;0.014038365185123268
Yeong Hwa Metal Co., Ltd.;012280;Auto Parts;Consumer Cyclical;0.13159062773989866;0.24338808918813862;0.060552939434445764
Daechang Forging Co., Ltd.;015230;Auto Parts;Consumer Cyclical;0.2210250232254546;-0.32180401368220823;0.03640326868097862
HLB GLOBAL Co., Ltd.;003580;Conglomerates;Industrials;0.15351614487673515;0.03485941349085911;0.005421616608453136
Ilshin Spinning Co., Ltd;003200;Textile Manufacturing;Consumer Cyclical;0.27826252702133003;0.025043561038532502;0.16070233941845574
Pangrim Co., Ltd.;003610;Textile Manufacturing;Consumer Cyclical;0.11936840934779824;-0.11865897053202226;0.23379231207163712
Posco International Corporation;047050;Conglomerates;Industrials;0.22795987487406344;-0.009191305502788294;-0.2140271002676539
Shinhan Financial Group Co., Ltd.;055550;Banks - Regional;Financial Services;0.2949411710793993;-0.35608465495378483;-0.02682893135956172
DB Financial Investment Co., Ltd.;016610;Capital Markets;Financial Services;0.22517969689653383;-0.18783599530926892;-0.1561783317254143
Korea Circuit Co., Ltd.;007810;Electronic Components;Technology;0.0712208349653149;0.10769880915151239;-0.03244092768411944
DB HiTek CO., LTD.;000990;Semiconductors;Technology;0.06537830875322637;0.27137748102239967;-0.17797412142431737
Hyundai Motor Company;005380;Auto Manufacturers;Consumer Cyclical;0.2871293360249826;-0.1988066463368809;-0.14379691017366522
Hyundai Motor Company;005387;Auto Manufacturers;Consumer Cyclical;0.3117085271283707;-0.17093202251434447;-0.1410497275572726
Hyundai Motor Company;005385;Auto Manufacturers;Consumer Cyclical;0.2651790585822972;-0.2046344184751053;-0.14209743543279718
Taekyung Industry.Co., Ltd.;015890;Chemicals;Basic Materials;0.37835354096144946;-0.3846402002132644;0.13625443672803836
ISU Chemical Co., Ltd;005950;Chemicals;Basic Materials;0.13548748658600807;-0.03345891236048018;-0.19080771609007074
AUK Corp.;017900;Semiconductors;Technology;0.15127695818343856;0.03732878836452508;-0.1696168835019311
SK Telecom Co., Ltd.;017670;Telecom Services;Communication Services;0.27166567493086224;-0.23792826809536416;0.19561857297458532
SK Discovery Co., Ltd.;006125;Conglomerates;Industrials;0.14369774940469437;-0.1129449619521055;0.009233455695666744
Wooshin Systems Co., Ltd.;017370;Auto Parts;Consumer Cyclical;0.1832112754720462;-0.018014366342571392;-0.09291106065796403
POSCO Holdings Inc.;005490;Steel;Basic Materials;0.3006756994325561;-0.15338334764627315;-0.018373122504403684
Hyundai Department Store Co. Ltd.;069960;Department Stores;Consumer Cyclical;0.1811185860251685;-0.17866338224417685;-0.0735553219232779
Wiscom Co.,Ltd.;024070;Chemicals;Basic Materials;0.4478860746341614;-0.48469610976090005;0.44574883162076473
KT Corporation;030200;Telecom Services;Communication Services;0.33990730346599807;-0.4473536987522194;0.27705031775847155
Asia Paper Manufacturing. Co., Ltd;002310;Paper & Paper Products;Basic Materials;0.19755694385639844;0.010791398428193294;0.07752500310958166
KC Co., Ltd.;029460;Semiconductor Equipment & Materials;Technology;0.1658266434186335;0.16281157510310104;-0.2160873205327539
Samwha Electronics Co.,Ltd.;011230;Electronic Components;Technology;0.07676949151356671;0.1514020106356406;-0.1057802059597342
Youlchon Chemical Co.,Ltd.;008730;Packaging & Containers;Consumer Cyclical;0.45969601557767314;-0.2720069280055398;0.3393049115154871
HS Ad Inc.;035000;Advertising Agencies;Communication Services;0.303729784428445;-0.24527391504526597;0.0883942766770156
Samsung Electro-Mechanics Co., Ltd.;009150;Electronic Components;Technology;0.2414547906070803;-0.08085311598503488;-0.1655905308814222
HD Hyundai Infracore Co., Ltd.;042670;Farm & Heavy Construction Machinery;Industrials;0.16746059759803555;0.09181591431366296;-0.36713583001665906
Exicure Hitron Inc.;019490;Security & Protection Services;Industrials;0.14913145738371802;0.21725521159984076;0.09225086906192584
Daishin Securities Co.,Ltd;003545;Capital Markets;Financial Services;0.4416315069266231;-0.49950316192513866;0.07759291313704028
SK Discovery Co., Ltd.;006120;Conglomerates;Industrials;0.207033956434998;-0.057351850982791;-0.21873883298040872
LS Corp.;006260;Electrical Equipment & Parts;Industrials;0.2565870643778503;-0.10282858657413282;-0.11209500097652614
LOTTE Fine Chemical Co., Ltd.;004000;Chemicals;Basic Materials;0.2097162082311287;-0.16948602878479652;-0.028714664464661532
Sungshin Cement Co., Ltd;004980;Building Materials;Basic Materials;0.07557673885943872;0.36000984534669445;0.08409378326076053
SKC Co., Ltd.;011790;Specialty Chemicals;Basic Materials;0.12509459920235727;-0.11852616434654202;-0.22913297318931483
Hansol Technics Co., Ltd.;004710;Electronic Components;Technology;0.008271495150369124;0.2547160675452227;-0.23464805358206023
Sajo Industries Company Limited;007160;Packaged Foods;Consumer Defensive;0.15283384732052674;0.07603094605022917;-0.06635751771675841
Samchully Co.,Ltd;004690;Utilities - Regulated Gas;Utilities;0.2704114178292839;-0.1802621943797658;0.3262322615738696
Gwangju Shinsegae. Co. ,Ltd.;037710;Department Stores;Consumer Cyclical;0.2710607994584934;-0.32000314802134844;0.007766297193227448
Sjg Sejong Co.,Ltd;033530;Auto Parts;Consumer Cyclical;0.13179581646288951;-0.05662784699482812;-0.09917878528893326
SGC Energy Co.,Ltd.;005090;Engineering & Construction;Industrials;0.20560685169068837;-0.15305664650390433;0.1935892041198773
Husteel Co., Ltd.;005010;Steel;Basic Materials;0.2752518879072262;-0.27952513043379734;-0.022381301678627848
Daewoong Pharmaceutical Co., Ltd;069620;Drug Manufacturers - Specialty & Generic;Healthcare;0.1542288823542436;0.05023829087502854;0.0007916620634994473
Doosan Enerbility Co., Ltd.;034020;Specialty Industrial Machinery;Industrials;0.18048528269853648;0.06422315775549556;-0.22013850993132233
Hanexpress.Co., Ltd;014130;Integrated Freight & Logistics;Industrials;0.11363324933247432;0.24601876370279438;-0.06450958087982106
Mirae Corporation;025560;Semiconductor Equipment & Materials;Technology;0.13934829152519435;0.1425131095835295;0.1397877130121112
GAON CABLE Co., Ltd.;000500;Communication Equipment;Technology;0.27137594886339766;-0.14701041284468291;0.09098027059808828
KT&G Corporation;033780;Tobacco;Consumer Defensive;0.2837674052408604;-0.18418634679660198;0.2989296958790357
CKD Bio Corp.;063160;Drug Manufacturers - Specialty & Generic;Healthcare;0.07510268720859181;0.10462665288660991;-0.14551348145776344
Hanyang Securities Co. Ltd.;001750;Capital Markets;Financial Services;0.37140005087279526;-0.3978270767557902;0.03279823056413151
Hwaseung Corporation Co.,Ltd.;013520;Auto Parts;Consumer Cyclical;0.12999974093188144;-0.05472242060004742;-0.052029399470456865
Haein Corporation;003010;Industrial Distribution;Industrials;0.20983440249208196;-0.17289165409379983;-0.18247391165923887
Samsung Electronics Co., Ltd.;005935;Consumer Electronics;Technology;0.27939569194338476;-0.220787843390273;0.031551066159140925
Samsung Electronics Co., Ltd.;005930;Consumer Electronics;Technology;0.298171176213053;-0.3365980101733899;-0.015380709005038948
Hankuk Carbon Co., Ltd.;017960;Chemicals;Basic Materials;0.12641532036660835;-0.06281100675858908;-0.16055419546166544
Hanil Holdings Co., Ltd.;003300;Building Materials;Basic Materials;0.24303315761688293;-0.04105581457368748;0.1844820993892884
Michang Oil Ind. Co., Ltd.;003650;Oil & Gas Refining & Marketing;Energy;0.311396134765747;-0.2861836510404878;0.14762467147765818
Korea United Pharm Inc.;033270;Drug Manufacturers - Specialty & Generic;Healthcare;0.044001599473973974;0.0947421302993933;-0.06020277572022532
Yuanta Securities Korea Co., Ltd.;003470;Capital Markets;Financial Services;0.13634139271692813;0.024085941575013786;-0.28477792569017535
Chokwang Paint Ltd.;004910;Specialty Chemicals;Basic Materials;0.17772949682442574;0.10657964600000633;0.07721203499637566
Dongwon F&B Co., Ltd.;049770;Packaged Foods;Consumer Defensive;0.152644622699167;0.0961430609573812;0.024174705304038487
Mirae Asset Securities Co., Ltd.;006805;Capital Markets;Financial Services;0.2567543332713058;-0.272122172319755;-0.07924455801439229
Mirae Asset Securities Co., Ltd.;006800;Capital Markets;Financial Services;0.15785347197023591;-0.18616768510564735;-0.1552161600696813
Doosan Corporation;000150;Conglomerates;Industrials;0.17269383242672987;0.037017066893292844;-0.12033994257160946
SAMWHA CAPACITOR Co.,LTD;001820;Electronic Components;Technology;0.1014910957763469;0.2432672961302946;-0.1199294541720029
S-Oil Corporation;010950;Oil & Gas Refining & Marketing;Energy;0.2409529855841226;-0.12835037318738252;-0.03264237048550433
S-Oil Corporation;010955;Oil & Gas Refining & Marketing;Energy;0.36851722847688473;-0.3436510208880108;0.1254445869722263
Kiswire Ltd.;002240;Steel;Basic Materials;0.26788813459361727;-0.23649591698435846;0.1677210910029727
Daol Investment & Securities Co., Ltd.;030210;Capital Markets;Financial Services;0.07417733712596969;0.09088426289130855;-0.20345521698167163
Hotel Shilla Co.,Ltd;008770;Specialty Retail;Consumer Cyclical;0.17037587858700143;0.01000246618462211;-0.03601427043524745
Taekwang Industrial Co., Ltd.;003240;Chemicals;Basic Materials;0.27188218879642123;-0.3745560864631242;0.18601627815886246
Hanwha Corporation;000880;Conglomerates;Industrials;0.18587110884428437;-0.06135582647117069;-0.21468932976514776
MiraeING.Co.,Ltd.;007120;Security & Protection Services;Industrials;0.06350243207605649;0.6957167088316824;0.07226986045493317
SHINSEGAE FOOD Inc.;031440;Packaged Foods;Consumer Defensive;0.2369235204876805;0.10406561895592012;0.03550418312580287
Oyang Corporation;006090;Packaged Foods;Consumer Defensive;0.15291632038460834;0.30687835986897005;0.002047432914037868
Ilsung Is Co., Ltd.;003120;Drug Manufacturers - Specialty & Generic;Healthcare;0.2840919964153701;-0.20005995353550513;0.22330522675333547
Daehan Flour Mills Co.,Ltd;001130;Packaged Foods;Consumer Defensive;0.16685210217688196;-0.17038284099086085;0.1393671926197978
Duksung Co., Ltd.;004830;Textile Manufacturing;Consumer Cyclical;0.12141252476029157;0.30301311501519435;-0.19744190405566345
HDC HOLDINGS CO.,Ltd;012630;Engineering & Construction;Industrials;0.155971060641789;0.09179408557980065;-0.1926202079850723
Samsung Fire & Marine Insurance Co., Ltd.;000815;Insurance - Property & Casualty;Financial Services;0.2977826531903406;-0.23759547364936767;0.2137261603137002
Korea Petroleum Industries Company;004090;Building Materials;Basic Materials;0.2449956059254741;0.055548895481689176;0.018271064781149857
N.I Steel Co., Ltd.;008260;Steel;Basic Materials;0.11020345912381158;0.031623508674311546;-0.11647456959089647
HANDOK Inc.;002390;Drug Manufacturers - Specialty & Generic;Healthcare;0.06823713455879643;0.1195877672659442;0.13357247583009296
Taihan Textile Co., Ltd.;001070;Textile Manufacturing;Consumer Cyclical;0.16919451204493774;0.11329830374675767;0.02732250458371621
Comtec Systems Co.,Ltd.;031820;Communication Equipment;Technology;0.10558029923673451;0.3108683213911506;-0.033063745438269586
Namyang Dairy Products Co., Ltd;003920;Packaged Foods;Consumer Defensive;0.28509145691821536;-0.2598224541534129;0.20939827630446267
KCC Corporation;002380;Chemicals;Basic Materials;0.21005354740803628;-0.23237730944336116;-0.03874402567723628
Dongkuk Holdings Co.,Ltd.;001230;Steel;Basic Materials;0.12659412276496124;0.03325465421301521;-0.22355922097372463
Korea Airport Service Co.,Ltd.;005430;Airports & Air Services;Industrials;0.2223177449105438;-0.11750792300643485;-0.014998675787055445
Moonbaesteel Co.,Ltd;008420;Steel;Basic Materials;0.19509101729074163;-0.08655350680732664;-0.035426349398326534
Korea Cast Iron Pipe Ind. Co., Ltd.;000970;Steel;Basic Materials;0.23461176234999415;0.0071232933709102775;0.022067939695167793
Daelim B&Co Co.,Ltd.;005750;Building Products & Equipment;Industrials;0.16540567424467434;0.4024395430033676;-0.04426939306624044
SMBEXEL Company;010580;Auto Parts;Consumer Cyclical;0.1064500818188181;0.37890745453972696;-0.04319013731775737
Duksung Co., Ltd.;004835;Textile Manufacturing;Consumer Cyclical;0.10261241550809835;0.14163936444363148;0.09430046047329196
Dong Won Fisheries Co., Ltd.;030720;Food Distribution;Consumer Defensive;0.09997219750454911;0.1259112743011844;0.03886933474532829
D.I Corporation;003160;Semiconductor Equipment & Materials;Technology;0.11111195560370751;0.17879287982913974;-0.12089637888710347
Yoosung Enterprise Co., Ltd.;002920;Auto Parts;Consumer Cyclical;0.22892527037130717;-0.3023749900779916;-0.03539439027826421
Hwacheon Machine Tool Co., Ltd.;000850;Specialty Industrial Machinery;Industrials;0.2696268266528312;-0.2554443696571381;0.06287706709728388
CHASYS Co., Ltd.;033250;Auto Parts;Consumer Cyclical;0.08660525127023705;0.3397539404861244;-0.008067947152068593
Kumho Petro Chemical Co.,Ltd;011780;Specialty Chemicals;Basic Materials;0.10941908182778881;0.004975658386247583;-0.3321985813243845
Daewoong Co., Ltd.;003090;Drug Manufacturers - Specialty & Generic;Healthcare;0.12656826130540322;0.08462234836315127;0.118233886195233
Taeyoung Engineering & Construction Co.,Ltd.;009410;Engineering & Construction;Industrials;0.22198781290324132;-0.06198551019104118;-0.13175910664608265
Korean Reinsurance Company;003690;Insurance - Reinsurance;Financial Services;0.257353437496495;-0.13595075256377223;0.18158614641404497
Yesco Holdings Co., Ltd.;015360;Utilities - Regulated Gas;Utilities;0.41086722788969776;-0.3544736661313296;0.353379724987833
Yuanta Securities Korea Co., Ltd.;003475;Capital Markets;Financial Services;0.19853839061999357;-0.0016073592301994732;-0.07259151057709953
Doosan Corporation;000155;Conglomerates;Industrials;0.32759417053525874;-0.3000703670741496;0.04006175656999403
DONGBANG AGRO Corporation;007590;Agricultural Inputs;Basic Materials;0.4318950476498954;-0.1719690983223598;0.5626753357962858
Yuyu Pharma, Inc.;000220;Drug Manufacturers - Specialty & Generic;Healthcare;0.12960696066029442;0.14325567611302373;0.039447212263191755
LG H&H Co., Ltd.;051905;Household & Personal Products;Consumer Defensive;0.16682273494247146;0.02235152318153899;0.004047456618467095
Samil Pharmaceutical Co.,Ltd;000520;Drug Manufacturers - Specialty & Generic;Healthcare;0.21810453637935545;-0.09730711253557295;0.12349886368499108
Hyundai Marine & Fire Insurance Co., Ltd.;001450;Insurance - Property & Casualty;Financial Services;0.1846648517663133;-0.15856264125931457;-0.0710353164006329
Daehyun Co.,Ltd.;016090;Apparel Manufacturing;Consumer Cyclical;0.047009486454566596;0.29353419251726487;-0.10207463814926218
Kangnam Jevisco Co., Ltd;000860;Specialty Chemicals;Basic Materials;0.19560927078376344;-0.18589329303875918;0.09435309831827349
Sungmoon Electronics Co., Ltd.;014910;Electronic Components;Technology;0.1041406124538769;0.34254936203459463;-0.12772118005348104
Sajodongaone Co.,Ltd;008040;Packaged Foods;Consumer Defensive;0.14966521109777287;0.12080359940977384;0.053406531186167006
Shin Hwa Dynamics Co.,Ltd.;001770;Packaging & Containers;Consumer Cyclical;0.12309992079232951;0.07983216014796077;0.05564948461071612
Kbi Dongkook Ind.Co.,Ltd.;001620;Auto Parts;Consumer Cyclical;0.1482787773965063;-0.0071198509852186675;-0.20984817334811698
SIMPAC Inc.;009160;Specialty Industrial Machinery;Industrials;0.10924200417359592;-0.12450724874096945;-0.128068212228977
Suheung Co., Ltd.;008490;Drug Manufacturers - Specialty & Generic;Healthcare;0.11579397008506442;-0.03755187461408235;0.07067742055381503
Hyundai Elevator Co., Ltd;017800;Specialty Industrial Machinery;Industrials;0.16156660005776913;0.09750255685775946;0.0005605393326004321
Korea Refractories Co., Ltd;010040;Specialty Industrial Machinery;Industrials;0.16386778665132107;-0.1317020442991003;0.011701358145246706
Daewon Kang Up Co., Ltd.;000430;Auto Parts;Consumer Cyclical;0.24230032395350887;-0.22958770382879776;0.03200643108049067
Namhae Chemical Corporation;025860;Agricultural Inputs;Basic Materials;0.19663200166117056;-0.18381212532004557;-0.10474233461708801
Lee Ku Industrial Co., Ltd.;025820;Metal Fabrication;Industrials;0.1800289731473017;0.012218043060432504;0.06646559095848599
Savezone I&C Corporation;067830;Department Stores;Consumer Cyclical;0.19486400777794544;-0.12784222884232177;-0.11444553132968521
Shindaeyang Paper Co., Ltd.;016590;Paper & Paper Products;Basic Materials;0.14804602770571684;0.007756474508066213;0.10108191081393322
Samick THK Co., Ltd.;004380;Semiconductor Equipment & Materials;Technology;0.17841456541574563;0.017528955050777312;0.022578501828257033
Samyang Foods Co., Ltd.;003230;Packaged Foods;Consumer Defensive;0.1608673740960107;-0.08584046740567373;-0.08474880463988485
Heung-A Shipping Co.,Ltd.;003280;Marine Shipping;Industrials;0.009392221631406295;0.2941529434596155;-0.1329523876675688
Daehan Synthetic Fiber Co., Ltd.;003830;Textile Manufacturing;Consumer Cyclical;0.2262873523783525;-0.05350374274338035;0.07589249256043587
Songwon Industrial Co., Ltd.;004430;Specialty Chemicals;Basic Materials;0.03157467881452908;0.2053931699451669;-0.042016432136602895
Daechang Co., Ltd.;012800;Metal Fabrication;Industrials;0.12687918164638445;0.04184841395201175;-0.12345250290742413
Jeil Pharma Holdings Inc;002620;Drug Manufacturers - Specialty & Generic;Healthcare;0.1641730759723813;0.3088370603316025;0.04988133167419323
THN Corporation;019180;Auto Parts;Consumer Cyclical;0.12722439862932533;0.20646202838845754;-0.08792117524652934
Muhak Co., Ltd.;033920;Beverages - Wineries & Distilleries;Consumer Defensive;0.1805938580314932;0.019108298561913595;0.07232804792906523
Hanall Biopharma Co., Ltd.;009420;Drug Manufacturers - Specialty & Generic;Healthcare;0.03860794446276833;0.42329404516290137;-0.08592934067747912
Hyundai Engineering & Construction Co.,Ltd.;000720;Engineering & Construction;Industrials;0.21850569191842228;-0.11887670540244416;-0.26039390362772347
Seowon Co., Ltd.;021050;Metal Fabrication;Industrials;0.04405145490153223;0.3116778527522931;-0.0841179561795137
Woosung Co., Ltd.;006980;Packaged Foods;Consumer Defensive;0.14605206257127878;-0.05716767534301398;0.049529322403268995
Kumho Petro Chemical Co.,Ltd;011785;Specialty Chemicals;Basic Materials;0.195411293943492;-0.16504538526909687;-0.18213665600542098
MH Ethanol Co.,Ltd.;023150;Beverages - Wineries & Distilleries;Consumer Defensive;0.10465664718133322;0.03897504282451608;-0.029514456021677772
Dong Sung Bio Pharm.Co.,Ltd.;002210;Drug Manufacturers - Specialty & Generic;Healthcare;0.07928635037725151;0.20040603790657766;-0.01208353260634374
Nexen Tire Corporation;002350;Auto Parts;Consumer Cyclical;0.19239342281874572;-0.11827340483908633;-0.05459035352883861
Chokwang Leather Co.,Ltd.;004700;Auto Parts;Consumer Cyclical;0.1886046795254408;0.02150504411649226;0.11174458090023198
Kukje Pharma Co., Ltd.;002720;Drug Manufacturers - Specialty & Generic;Healthcare;0.12338954024524545;0.21687193199196117;-0.0854338440842399
Korea Investment Holdings Co., Ltd.;071050;Capital Markets;Financial Services;0.191957732930087;-0.16107982106766977;-0.23346547200979476
Hanshin Machinery Co., Ltd.;011700;Specialty Industrial Machinery;Industrials;0.12326119908804889;0.04807891036233794;-0.03227193746373121
DN Automotive Corporation;007340;Auto Parts;Consumer Cyclical;0.20492910505801354;-0.15960459436618674;0.11543415779764449
Cheil Worldwide Inc.;030000;Advertising Agencies;Communication Services;0.2056767766159564;-0.16874713891687443;0.06611366147976279
Shinhung Co., Ltd;004080;Medical Devices;Healthcare;0.26566605542386423;-0.034076539890935204;0.3642856102386806
SK Securities Co., Ltd.;001510;Asset Management;Financial Services;0.17793948370679968;-0.04670046002789785;-0.21613834000471063
Anam Electronics Co.,Ltd.;008700;Consumer Electronics;Technology;0.11706043205131156;0.2958576109889651;-0.08106678115867436
Samsung E&A Co., Ltd.;028050;Engineering & Construction;Industrials;0.21918276004686044;0.179573480967151;-0.27207472138674343
Hankook Steel Co., Ltd.;025890;Steel;Basic Materials;0.12249012095551415;-0.03252176078871874;-0.034623332073520884
Taeyang Metal Industrial Co., Ltd.;004100;Auto Parts;Consumer Cyclical;0.12821940723765318;0.15273352729762205;0.005243585519260199
KB Financial Group Inc.;105560;Banks - Regional;Financial Services;0.2969645828759516;-0.2263818876118287;0.0076281508484064234
Seong An Materials Co.,Ltd;011300;Textile Manufacturing;Consumer Cyclical;0.15217509504127813;0.08918173386399839;-0.061083506005585785
Ilyang Pharmaceutical Co.,Ltd;007570;Drug Manufacturers - Specialty & Generic;Healthcare;0.01507260766407792;0.10820198433368824;-0.12411872047850522
KR Motors Co., Ltd.;000040;Recreational Vehicles;Consumer Cyclical;0.12738630366527653;0.2117051458931178;-0.0005100530949467101
Hyundai G.F. Holdings Co., Ltd.;005440;Food Distribution;Consumer Defensive;0.17873407282961562;-0.12839045407207594;-0.016675463303863852
The Willbes & CO., Ltd.;008600;Apparel Manufacturing;Consumer Cyclical;0.10484105823053447;0.14555788099130149;0.022607855161732252
Samjin Pharmaceuticals Co., Ltd.;005500;Drug Manufacturers - Specialty & Generic;Healthcare;0.11215721147624641;0.06743624441872961;0.011020765466290619
Kukdong Oil & Chemicals Co.,Ltd;014530;Specialty Chemicals;Basic Materials;0.3219663841135665;-0.2320151400700754;0.1925562113312117
Hanwha Investment & Securities Co., Ltd.;003535;Capital Markets;Financial Services;0.24210146791627696;0.00688128220873907;-0.033076180746143755
Kyungdong Invest Co., Ltd;012320;Utilities - Regulated Gas;Utilities;0.29800477937940384;-0.23849226327583714;0.2865596618140764
SG Corporation;004060;Apparel Manufacturing;Consumer Cyclical;0.12673709558472962;0.1729600497754338;-0.13016118664575338
Whan In Pharm Co.,Ltd.;016580;Drug Manufacturers - Specialty & Generic;Healthcare;0.12355880847394579;-0.02735988898224523;0.16857787705357438
Dongbang Transport Logistics Co., Ltd.;004140;Integrated Freight & Logistics;Industrials;0.11292916034398653;0.22289717262415829;-0.12707749865458035
Boryung Corporation;003850;Drug Manufacturers - Specialty & Generic;Healthcare;0.07830490100094406;0.06991937278871072;-0.06962794893143132
Tailim Packaging Co., Ltd.;011280;Packaging & Containers;Consumer Cyclical;0.09669409885232433;0.01909972278012062;0.01076279945660263
Kyungin Synthetic Co., Ltd.;012610;Chemicals;Basic Materials;0.18358360310952992;0.09936857128002871;0.013206742870547792
Bolak Company Limited;002760;Specialty Chemicals;Basic Materials;0.12478991544175017;0.12254842665455332;-0.01808035426821314
TYM Corporation;002900;Farm & Heavy Construction Machinery;Industrials;0.23487071734605514;0.03508963339629975;-0.07859836573513071
Yungjin Pharm. Co., Ltd.;003520;Drug Manufacturers - Specialty & Generic;Healthcare;0.12932524700743048;0.35261001110542123;-0.07948807617706286
Moorim Paper Co., Ltd.;009200;Paper & Paper Products;Basic Materials;0.25638454988325265;-0.18141033368378381;0.11845207077923772
SeAH Besteel Holdings Corporation;001430;Steel;Basic Materials;0.14790365993539178;-0.011804888057153351;-0.10023095797800527
Lotte Non - Life Insurance Co., Ltd.;000400;Insurance - Property & Casualty;Financial Services;0.3114551890425109;-0.25061326780519766;0.05721132100832759
SK Securities Co., Ltd.;001515;Asset Management;Financial Services;0.18185379470241436;0.06693653618823728;-0.021730797943835915
TS Corporation;001790;Confectioners;Consumer Defensive;0.23527879032681787;-0.1274588056758434;0.08128389134481995
CITECH Co., Ltd.;004920;Information Technology Services;Technology;0.009726378000171565;0.34360379210918135;0.06632050768238201
LOTTE Corporation;004990;Confectioners;Consumer Defensive;0.332768359693966;-0.2690935810585219;0.25473348558573605
Kyung Dong Navien Co., Ltd.;009450;Specialty Industrial Machinery;Industrials;0.1303635451062331;0.06694442113682161;0.12327054456927672
HANDSOME Corporation;020000;Apparel Manufacturing;Consumer Cyclical;0.16842419178218127;-0.1938071565861012;-0.02954926977621622
Hyundai Pharmaceutical Co., Ltd.;004310;Drug Manufacturers - Specialty & Generic;Healthcare;0.0809460881895323;0.09304036270767582;0.011980645928101226
CROWNHAITAI Holdings Co.,Ltd.;005740;Confectioners;Consumer Defensive;0.16253384718413366;0.2009622568454297;-0.007804367665129149
ENEX Co., LTD.;011090;Furnishings, Fixtures & Appliances;Consumer Cyclical;0.12537872678287632;0.40522428099891583;0.10246037210295378
SK hynix Inc.;000660;Semiconductors;Technology;0.11291874454628092;0.05075193388603991;-0.24145353009780748
AK Holdings, Inc.;006840;Chemicals;Basic Materials;0.08410102609786563;0.010874426962344974;-0.08419087721692958
Daewon Cable. Co., Ltd.;006340;Electrical Equipment & Parts;Industrials;0.14230897089459138;0.21184804032969803;-0.13076153282437847
DAEWON Chemical Co., Ltd.;024890;Specialty Chemicals;Basic Materials;0.1021183552502622;0.1438522852433111;0.01389825108957899
DRB Holding Co., Ltd.;004840;Auto Parts;Consumer Cyclical;0.1500617288003141;0.03214822547619131;-0.013731533241923208
SH Energy & Chemical Co., Ltd.;002360;Chemicals;Basic Materials;0.17483414792559215;0.1252317110321167;-0.06341691767927543
BNK Financial Group Inc.;138930;Banks - Regional;Financial Services;0.24992872180905268;-0.1746708846848639;-0.1602839309071185
SUN&L Co., Ltd.;002820;Lumber & Wood Production;Basic Materials;0.20756883109897661;0.17070484389527932;0.08152175224793604
Kolmar Holdings Co.,Ltd.;024720;Household & Personal Products;Consumer Defensive;0.042499484435546686;0.16208830550966238;-0.18956841532813923
HMM Co.,Ltd;011200;Marine Shipping;Industrials;0.13661524061415986;0.49977051084377155;-0.014747333853639875
Duckyang Ind. Co., Ltd.;024900;Auto Parts;Consumer Cyclical;0.11357706708208326;0.07179828825394505;0.01820347924977063
LG Chem, Ltd.;051915;Chemicals;Basic Materials;0.1991268038861751;-0.02039319803910561;-0.13708101345492404
LG Chem, Ltd.;051910;Chemicals;Basic Materials;0.11049820978421399;-0.07091435671061541;-0.29767243597399956
Dongwha Pharm.Co.,Ltd;000020;Drug Manufacturers - Specialty & Generic;Healthcare;0.1784477639935329;-0.013555400499140613;-0.019543636642019704
Huneed Technologies;005870;Communication Equipment;Technology;0.1567710759213261;0.23538125790463219;0.008415825080925624
ShinWon Corporation;009270;Apparel Manufacturing;Consumer Cyclical;0.08019675583693087;0.17253149102811158;0.024445261984491446
Daesang Corporation;001680;Packaged Foods;Consumer Defensive;0.06803749119610691;-0.03231719564358479;0.07486142942311512
Daedong Corporation;000490;Farm & Heavy Construction Machinery;Industrials;0.1840119096841938;-0.0950114035498493;0.08493968403853812
Hotel Shilla Co.,Ltd;008775;Specialty Retail;Consumer Cyclical;0.18559099742300766;0.005090198094816867;0.1534667791635164
Y2 Solution Co., Ltd;011690;Electronic Components;Technology;0.08342583212969085;0.3607228478848423;-0.08284104025805439
LS ELECTRIC Co., Ltd.;010120;Electrical Equipment & Parts;Industrials;0.26405964415847893;-0.18481838994659194;-0.1066950407231928
Monami Co., Ltd.;005360;Specialty Retail;Consumer Cyclical;0.11825282506018642;0.1243010252159639;0.01616428914183931
SNT Holdings Co., Ltd.;036530;Conglomerates;Industrials;0.13780550437701233;-0.05241026730263609;-0.15139880797809374
Shinsung Tongsang Co., Ltd.;005390;Apparel Manufacturing;Consumer Cyclical;0.05162296123135274;0.17232984816919653;-0.010990512186018701
CR Holdings Co., LTD.;000480;Building Materials;Basic Materials;0.28490525015551693;-0.3880397016349268;0.3064977533338557
Taekyung Chemical Co., Ltd.;006890;Utilities - Regulated Gas;Utilities;0.24348706307338452;-0.21930328785577693;0.027956862236078447
Hansol Holdings Co., Ltd.;004150;Paper & Paper Products;Basic Materials;0.15422655177361455;-0.15627488488279895;-0.00764822443789815
Nexen Corporation;005720;Auto Parts;Consumer Cyclical;0.2346793068450317;-0.2399344204300101;0.23159752926877628
DSR Wire Corp;069730;Electrical Equipment & Parts;Industrials;0.1865726500564182;-0.03918508763028891;-0.12450586855475915
Sungchang Enterprise Holdings Limited;000180;Lumber & Wood Production;Basic Materials;0.19037986389250328;0.12602862872489948;-0.1195080292401336
DAE YOUNG Packaging.Co., Ltd.;014160;Packaging & Containers;Consumer Cyclical;0.1714792166300193;0.06643971664776674;0.23376574620472823
Chobi Company Limited;001550;Agricultural Inputs;Basic Materials;0.12072099230880551;0.16778279930947723;0.03984982710262807
DGB Financial Group Co., Ltd.;139130;Banks - Regional;Financial Services;0.2869475824220806;-0.24657351077342704;-0.11236901150605982
CJ Logistics Corporation;000120;Integrated Freight & Logistics;Industrials;0.18749586008331032;-0.02734746973749949;0.11725054788011025
HWASEUNG Industries Co.,Ltd.;006060;Footwear & Accessories;Consumer Cyclical;0.176335560320524;0.39572194767688706;0.015511055761254793
Di Dong Il Corporation;001530;Textile Manufacturing;Consumer Cyclical;0.2988857882279349;-0.3267597864621618;0.3179939430043418
Pyung Hwa Holdings Co., Ltd.;010770;Electrical Equipment & Parts;Industrials;0.20783519135203277;-0.041439150074796455;0.011902654260966533
Daewon Pharmaceutical Co., Ltd.;003220;Drug Manufacturers - Specialty & Generic;Healthcare;0.07121099710164092;0.22802545197248145;0.01410055214260267
Hanon Systems;018880;Auto Parts;Consumer Cyclical;0.18613063501589888;0.006830975862231969;-0.012648106296462458
Cosmo Advanced Materials & Technology Co., Ltd.;005070;Specialty Chemicals;Basic Materials;0.08830928823524165;0.25828310217864636;-0.1994528843520988
SAMSUNG PHARM. Co., LTD.;001360;Drug Manufacturers - Specialty & Generic;Healthcare;0.07769875332624021;0.4284950395313154;-0.012278704189134793
Hanwha Aerospace Co., Ltd.;012450;Aerospace & Defense;Industrials;0.19383533897237903;-0.027285828929287215;-0.1892262571155448
KidariStudio, Inc.;020120;Internet Content & Information;Communication Services;0.007515733886305942;0.2640182409785353;0.050083858606772794
CJ Corporation;001040;Conglomerates;Industrials;0.15352666399558745;-0.023360899156259024;0.11359309832085185
CJ Corporation;001045;Conglomerates;Industrials;0.2306441159945154;-0.1627404296694966;0.18636804040941934
Kyung Nong Corporation;002100;Agricultural Inputs;Basic Materials;0.2814693390290176;-0.372916415015862;0.15568795845894787
SJM Holdings Co.,Ltd.;025530;Auto Parts;Consumer Cyclical;0.2797062458272609;-0.2188630250959921;0.017709282317479924
Wonlim Corporation;005820;Packaging & Containers;Consumer Cyclical;0.10526176056875425;0.1309139948646286;0.04291250200743892
CJ Seafood Corporation;011155;Packaged Foods;Consumer Defensive;0.07598016532513802;0.35908255173014747;-0.019531807281753702
Kolon Global Corporation;003070;Engineering & Construction;Industrials;0.1668671533998236;0.17929044530462865;-0.10137199909363709
Eugene Investment & Securities Co.,Ltd.;001200;Capital Markets;Financial Services;0.20250874610969138;-0.11447267161437387;-0.14643978636683155
Manho Rope & Wire Ltd.;001080;Steel;Basic Materials;0.1728573107433189;-0.13113849214305062;0.09559756247681456
Hyundai Engineering & Construction Co.,Ltd.;000725;Engineering & Construction;Industrials;0.11461041429396235;0.09909351311291756;0.02711737766072717
Seoul City Gas Co., Ltd.;017390;Utilities - Regulated Gas;Utilities;0.1805099404573033;-0.02762399998689813;0.3264099616943785
KleanNara Co., Ltd.;004540;Paper & Paper Products;Basic Materials;0.22147896709339387;0.06183177498443562;0.05613491723943856
Dayou A-Tech Co.,Ltd;002880;Auto Parts;Consumer Cyclical;0.008713703444447218;0.3348324165391434;-0.03520956864959905
Cosmo Chemical Co., Ltd.;005420;Chemicals;Basic Materials;0.10348820950170878;-0.04849090576771534;-0.12279625789697168
Yuhwa Securities co.,ltd.;003460;Capital Markets;Financial Services;0.2558346295721162;-0.29422838947414576;0.44392273264258714
Shinpoong Pharmaceutical Co.,Ltd;019170;Drug Manufacturers - Specialty & Generic;Healthcare;0.20435834717943113;0.05092284694712676;-0.06337033214013679
Korea Export Packaging Industrial Co.,Ltd;002200;Packaging & Containers;Consumer Cyclical;0.2546078534512306;-0.20940981881671836;0.1710349295315368
ORIENT BIO Inc.;002630;Biotechnology;Healthcare;0.08661435272135964;0.33893270296459044;-0.2060954212087146
Namsun Aluminum Co., Ltd.;008350;Aluminum;Basic Materials;0.12433792928601795;0.14345129388626734;-0.07119489421303013
Dongwon Systems Corporation;014820;Packaging & Containers;Consumer Cyclical;0.10589703424219715;0.08343231772924761;-0.055673459347746194
TP Inc.;007980;Apparel Manufacturing;Consumer Cyclical;0.13244767763964826;0.2455258918946117;0.06467932316430941
Hansol Logistics Co., Ltd.;009180;Integrated Freight & Logistics;Industrials;0.032139039438590644;0.021893509101241937;-0.24877930140041746
KISCO Holdings Corp.;001940;Steel;Basic Materials;0.26820279807748615;-0.09878161451014154;0.12534618716318485
Samsung Publishing Co., Ltd;068290;Publishing;Communication Services;0.10180957098781446;0.1963282981335744;-0.05678565233558174
Daewoo Engineering & Construction Co., Ltd.;047040;Engineering & Construction;Industrials;0.2237879512936185;-0.10494162931830955;-0.13937263465420102
Douzone Bizon Co., Ltd.;012510;Software - Application;Technology;-0.049388203674082976;0.25475047008784035;-0.05484776612609093
Hanwha General Insurance Co., Ltd.;000370;Insurance - Property & Casualty;Financial Services;0.24418082578535172;-0.22645697054245456;-0.06904488046191132
Nongshim Co., Ltd.;004370;Packaged Foods;Consumer Defensive;0.20002503197416954;-0.16211307780221323;0.16715268670594136
Kolon Corporation;002020;Conglomerates;Industrials;0.11265408244882225;0.18826010380127087;-0.22362263250163125
Sewoo Global Co., Ltd;013000;Specialty Chemicals;Basic Materials;-0.0010472137163435313;0.48920961805610674;0.07589513195600586
Pulmuone Corporate;017810;Packaged Foods;Consumer Defensive;0.20666239318608348;0.06005009275104897;0.11036621190612539
Ilshinstone.Co.,Ltd.;007110;Building Products & Equipment;Industrials;0.05104468285651881;0.21399741461363517;-0.04008019732775709
Tae Won Mulsan Co., Ltd.;001420;Auto Parts;Consumer Cyclical;0.14172688179227577;0.08654616967732934;-0.09250687879519637
Hanjin Heavy Industries & Construction Holdings Co., Ltd.;003480;Engineering & Construction;Industrials;0.18372645699293566;-0.07303003936063178;-0.20343312491776988
Snt Dynamics Co.,Ltd.;003570;Aerospace & Defense;Industrials;0.14092993219441607;-0.016472852273880012;-0.00732117188534695
Hankook & Company Co., Ltd.;000240;Auto Parts;Consumer Cyclical;0.13541879718957278;-0.14796221892639122;-0.04438458365611348
Heungkuk Fire&Marine Insurance Co., Ltd.;000540;Insurance - Property & Casualty;Financial Services;0.27509973587895475;-0.28590886812554406;0.1507565342885019
Taekyung Bk Co., Ltd;014580;Building Materials;Basic Materials;0.3888758927581727;-0.3411236439711351;0.3567804383112516
Hansae Yes24 Holdings Co., Ltd;016450;Textile Manufacturing;Consumer Cyclical;0.05715279236827081;0.2757497207499734;-0.03353154701972143
Hitejinro Holdings Co., Ltd.;000140;Beverages - Brewers;Consumer Defensive;0.19037596399129464;-0.10354393755437058;0.18007599461766677
ASIA Holdings CO., Ltd.;002030;Building Materials;Basic Materials;0.19577021164467767;-0.08533097929947737;0.2984508439205721
KG Chemical Corporation;001390;Steel;Basic Materials;0.14211697264642542;-0.06315935644681833;-0.005455849770063196
Sunny Electronics Corp.;004770;Electronic Components;Technology;0.04746744540619563;0.3818662959472807;0.06233047907207691
Inscobee., Inc.;006490;Telecom Services;Communication Services;-0.08650597214504813;0.6987496583221886;0.017980457218175153
PaperCorea Inc.;001020;Paper & Paper Products;Basic Materials;0.13865676950243855;0.226447795433293;-0.0994253323862773
Poongsan Holdings Corporation;005810;Copper;Basic Materials;0.25234091747357423;-0.27761506295512095;-0.05499819964649203
Youngone Holdings Co., Ltd.;009970;Apparel Manufacturing;Consumer Cyclical;0.24889441636136633;0.015249414748049778;-0.03456397865561779
Shinsung E&G Co.,Ltd.;011930;Building Products & Equipment;Industrials;0.06792451391864562;0.3427867504409048;-0.14394551071087763
Choil Aluminum Co., Ltd.;018470;Aluminum;Basic Materials;0.12789269210564602;0.13024984336354264;0.10193236792334198
KPX Chemical Co.,Ltd.;025000;Chemicals;Basic Materials;0.2605526581040626;-0.3100973675252936;0.1263948085472231
Hankuk Paper Mfg. Co., Ltd;027970;Paper & Paper Products;Basic Materials;0.10594410644997276;0.26442292145100277;-0.01494809521262866
Kyungbangco.Ltd;000050;Textile Manufacturing;Consumer Cyclical;0.10992752087014651;0.1273775073355207;0.050818228623068444
Galaxia SM, Inc.;011420;Broadcasting;Communication Services;0.027829833822249073;0.301091581105858;-0.12334725249250969
Hanwha Solutions Corporation;009835;Solar;Technology;0.24230327807822127;-0.016437431611893177;-0.07883634639337911
Union Corporation;000910;Building Materials;Basic Materials;0.16413717585338605;-0.09468339296165765;-0.0472432717930115
Samhwa Crown & Closure Co., Ltd;004450;Packaging & Containers;Consumer Cyclical;0.2761839431088332;-0.24447213908162735;0.23407653244442692
NPC Co., Ltd.;004250;Packaging & Containers;Consumer Cyclical;0.16403857163558389;-0.055232480309247683;0.0022404854537552837
Hankook Cosmetics Manufacturing Co., Ltd;003350;Household & Personal Products;Consumer Defensive;0.08033556665328773;0.3573502282943254;-0.013204960305251014
FIRSTEC Co., Ltd;010820;Aerospace & Defense;Industrials;0.05449459118259248;0.10994534461367447;-0.16861980437153345
Maniker.Co.,Ltd;027740;Packaged Foods;Consumer Defensive;0.16998365892677514;0.07046172116234936;0.031987293751649416
LX International Corp.;001120;Conglomerates;Industrials;0.20937945159418536;-0.05543539697006333;-0.1679325332085259
SC Engineering Co., Ltd;023960;Engineering & Construction;Industrials;0.018107041249919187;0.3226503193130653;-0.028448235216684957
NOROO Holdings Co., Ltd.;000320;Specialty Chemicals;Basic Materials;0.16470252333347857;-0.05785501963561593;0.0656221760650667
Korea Industrial Co., Ltd.;002140;Packaged Foods;Consumer Defensive;0.10754371850086236;-0.02537795867563436;0.007104365509315732
Soosan Heavy Industries Co., Ltd.;017550;Farm & Heavy Construction Machinery;Industrials;0.12005901696065946;0.09625969132615561;-0.062487043336444094
Daesung Holdings Co., Ltd.;016710;Utilities - Regulated Gas;Utilities;0.13730967877582412;-0.1589199636301304;0.10377986363512198
SHINSEGAE Inc.;004170;Department Stores;Consumer Cyclical;0.26608324777693804;-0.13999981476087758;0.03701073187921845
Sungmoon Electronics Co., Ltd.;014915;Electronic Components;Technology;0.08047288516115109;0.5566746440740877;-0.019488965393504663
JW Pharmaceutical Corporation;001060;Drug Manufacturers - Specialty & Generic;Healthcare;0.09833879932724915;0.15518941180561777;0.012469642958092225
CAMUS ENGINEERING & CONSTRUCTION Inc.;013700;Engineering & Construction;Industrials;0.12829912308666025;0.12548994396090815;0.11829215494546597
Motonic Corporation;009680;Auto Parts;Consumer Cyclical;0.14749768594526547;-0.11527584357463327;0.10194511480067966
Shinpoong Paper Mfg. Co., Ltd;002870;Packaging & Containers;Consumer Cyclical;0.17072060122639676;0.0393281631801326;0.17284527257046367
Daelim Trading Co., Ltd.;006570;Household & Personal Products;Consumer Defensive;0.27397858263250574;0.041079046314001166;0.16975017781855736
Chin Yang Industry Co., Ltd.;003780;Auto Parts;Consumer Cyclical;0.21729174079576685;-0.15433896888912998;0.08961043357253895
ILJIN Holdings Co.,Ltd.;015860;Electrical Equipment & Parts;Industrials;0.13317545278599452;0.25727631803530293;-0.17902048258318784
Kib plug energy Co., Ltd.;015590;Specialty Industrial Machinery;Industrials;0.12632925753753976;0.1273920989722113;-0.09361594849871133
Chong Kun Dang Holdings Corp.;001630;Drug Manufacturers - Specialty & Generic;Healthcare;0.06325039129850413;0.10918707411608133;-0.07871618522219084
Dong-A Socio Holdings Co., Ltd.;000640;Drug Manufacturers - Specialty & Generic;Healthcare;0.08519355909390147;0.034155916313462376;0.21130199769684102
LG Corp.;003550;Consumer Electronics;Technology;0.25468809343036225;-0.29819026256706077;-0.1771549752481291
Samyang Holdings Corporation;000070;Conglomerates;Industrials;0.19377547773167525;0.06707890627315302;0.022423684577642072
Green Cross Holdings Corporation;005250;Biotechnology;Healthcare;0.0972917078655523;0.0677941389107252;0.16329304104249326
Kumyang Co., Ltd.;001570;Chemicals;Basic Materials;0.11589353666910879;0.3134543911648139;0.08347703045694346
KC Green Holdings Co., Ltd.;009440;Pollution & Treatment Controls;Industrials;0.07171193471684073;0.16235870455953902;-0.09694485320250054
Iljin Display Co., Ltd.;020760;Electronic Components;Technology;0.08583825363426717;0.1313702732650995;-0.147175226859721
KEC Holdings Co., Ltd.;006200;Semiconductors;Technology;0.040873995471450875;0.0744841171831461;0.004931003812376926
SEWON Precision Industry Co., Ltd.;021820;Auto Parts;Consumer Cyclical;0.15078764777852816;-0.14010619150901893;0.10133039928805365
AMOREPACIFIC Group;002790;Household & Personal Products;Consumer Defensive;0.14762694866231418;0.05564057860320773;0.10443417777466471
Fursys Inc.;016800;Furnishings, Fixtures & Appliances;Consumer Cyclical;0.2824587538101673;-0.28700455718215;0.2709446035269074
Daiyang Metal Co., Ltd.;009190;Steel;Basic Materials;0.08118846064258539;0.41183907807818676;-0.05113543541929009
TCC Steel Corp.;002710;Steel;Basic Materials;0.2686134307276222;-0.07121052422850138;0.08625545355891445
LG Corp.;003555;Consumer Electronics;Technology;0.25787327579054053;-0.2310447398753382;0.04400668014400619
E-Starco. Co. Ltd;015020;Real Estate - Development;Real Estate;0.10216109821747815;0.45867870845662806;0.13102450006330832
Dongwon Systems Corporation;014825;Packaging & Containers;Consumer Cyclical;0.05013843831816239;0.3930951859653936;0.3317439085611577
DY Corporation;013570;Auto Parts;Consumer Cyclical;0.07404869479829973;-0.0008477450797351183;-0.23299439911927924
ChinYang Chemical Corporation;051630;Chemicals;Basic Materials;0.16543922962505642;0.07610719241277378;-0.09089279759966595
Korean Airlines Co.,Ltd.;003490;Airlines;Industrials;0.22864407556913935;-0.01228655805828971;-0.132433454649585
BOOKOOK Securities Co., Ltd.;001270;Capital Markets;Financial Services;0.22556273062101673;-0.09203542161814784;0.4286860921677203
Keyang Electric Machinery Co., Ltd.;012205;Tools & Accessories;Industrials;0.11987926327961035;0.14623246831566591;-0.018431832157166067
DB Inc.;012030;Information Technology Services;Technology;0.12233704212031293;0.1567630678302175;0.07495974039855821
Sung Bo Chemicals Co., LTD;003080;Agricultural Inputs;Basic Materials;0.22971049051182324;-0.14492732931094554;0.20314219222411536
Paik Kwang Industrial Co., Ltd.;001340;Specialty Chemicals;Basic Materials;0.12044806872597019;-0.05383572950070439;0.21054869236217869
BYC Co., Ltd.;001460;Apparel Manufacturing;Consumer Cyclical;0.1647579587991591;-0.03626877463206804;0.2109234704172394
Hanchangpaper co., Ltd;009460;Paper & Paper Products;Basic Materials;0.2452713632256076;0.12336280550614478;0.13179669899227975
Ildong Holdings Co., Ltd.;000230;Drug Manufacturers - Specialty & Generic;Healthcare;0.20191516216632754;0.11083666195944294;0.15114620731269499
Sempio Company;007540;Packaged Foods;Consumer Defensive;0.24594143292851922;0.17810633629080233;0.09910922708101061
Pharmicell Co., Ltd.;005690;Biotechnology;Healthcare;0.0669988848796268;0.31954319083868554;-0.10786997028498299
Seoyon Co., Ltd.;007860;Auto Parts;Consumer Cyclical;0.08080298129299418;0.05138238842564061;-0.05434611910291049
ONTIDE Corp.;005320;Apparel Manufacturing;Consumer Cyclical;0.008088168531470319;0.5378372884416929;0.04710866253094817
Hanmi Science Co., Ltd.;008930;Medical Distribution;Healthcare;0.0951311657002466;0.19787700066455996;0.13999305318065308
GeneOne Life Science, Inc.;011000;Biotechnology;Healthcare;0.018112821184001482;0.497782941971159;-0.030949399699362674
Hannong Chemicals Inc.;011500;Chemicals;Basic Materials;0.21029621879400173;-0.17366903780770643;0.05250922865140177
Seoul Food Industrial.Co.,Ltd;004410;Packaged Foods;Consumer Defensive;0.03775576016801879;0.1839091940502888;-0.1269925651508102
Playgram Co., Ltd.;009810;Industrial Distribution;Industrials;0.03975029395462015;0.42285556942733893;-0.012985352028266964
Heungkuk Fire&Marine Insurance Co., Ltd.;000545;Insurance - Property & Casualty;Financial Services;0.10556125534456584;0.2463153833694928;0.017066714517776544
In the F CO.,LTD.;014990;Apparel Manufacturing;Consumer Cyclical;0.07009114520714166;0.4451866572435188;0.10109459953632974
Chunil Express Co., Ltd.;000650;Railroads;Industrials;0.14562106891166726;0.1158454840629862;0.06259485399331165
Jeju Bank;006220;Banks - Regional;Financial Services;0.21759552236512247;-0.05646282671911321;0.2566821439800592
Hanil Iron & Steel Co., Ltd;002220;Steel;Basic Materials;0.1725733376288785;-0.05914233658654408;0.07396797689108629
IS DongSeo Co., Ltd.;010780;Engineering & Construction;Industrials;0.09318968699511765;0.07099895388588365;0.07617612108378982
Namsung Corp.;004270;Consumer Electronics;Technology;0.170362083708815;0.155129286624717;0.13311122512957188
Kolon Global Corporation;003075;Engineering & Construction;Industrials;0.17337100167932662;0.35317753818402986;0.22913959561617822
KleanNara Co., Ltd.;004545;Paper & Paper Products;Basic Materials;0.14049308593911292;0.3740136162339842;0.021652883746111677
Ilyang Pharmaceutical Co.,Ltd;007575;Drug Manufacturers - Specialty & Generic;Healthcare;-0.04660666952237558;0.34117197240729413;-0.03035193600607957
Kolon Corporation;002025;Conglomerates;Industrials;0.0897934891366417;0.02724178272654948;0.3213407234536619
Samyang Tongsang Co., Ltd;002170;Footwear & Accessories;Consumer Cyclical;0.2561295804144016;-0.09424452674665172;0.1694103438324303
Byucksan Corporation;007210;Building Products & Equipment;Industrials;0.0987216864384397;0.24995863252050218;0.04959151765632401
BYC Co., Ltd.;001465;Apparel Manufacturing;Consumer Cyclical;0.10652115050703376;0.11090217294734708;0.24914643127800387
Shinil Electronics Co.,Ltd.;002700;Furnishings, Fixtures & Appliances;Consumer Cyclical;0.05292078826173152;0.3813857723754547;0.04346495493989594
PharmGen Science, Inc.;004720;Drug Manufacturers - General;Healthcare;0.06609326848758185;0.4723021439000016;-0.05078428898635965
Hyundai Corporation;011760;Industrial Distribution;Industrials;0.11310509345700404;0.1268064908131424;-0.23106963228590974
BOHAE BREWERY Co., Ltd.;000890;Beverages - Wineries & Distilleries;Consumer Defensive;0.21225201695869178;0.05040954024826935;0.027039481447565523
Eusu Holdings Co., Ltd.;000700;Marine Shipping;Industrials;0.1270643941847721;0.17810685619478564;-0.09574037336913971
Hanwha Corporation;000885;Conglomerates;Industrials;0.12206134979426986;0.07177457492870568;0.1855460884241779
Rifa Co.,Ltd.;000760;Chemicals;Basic Materials;0.058171734273784914;0.30948765647242016;0.137780141958374
KCTC Co. Ltd;009070;Integrated Freight & Logistics;Industrials;0.09165687725224786;0.11257073150271066;0.0726386767401854
Iljeong Industrial Co.,Ltd;008500;Textile Manufacturing;Consumer Cyclical;0.18693902163000076;-0.1574788325254163;0.2003651453959912
Samyoung Co.,Ltd.;003720;Packaging & Containers;Consumer Cyclical;0.12126610851369601;-0.003958401054304922;0.02765167240746638
KG Mobility Corp.;003620;Auto Manufacturers;Consumer Cyclical;0.22584619886120438;-0.16098403340666176;-0.1877069113919774
BOOKOOK Securities Co., Ltd.;001275;Capital Markets;Financial Services;0.3417111254719688;0.04085172920527591;0.5814484304929504
Taeyoung Engineering & Construction Co.,Ltd.;009415;Engineering & Construction;Industrials;0.20579506472731912;0.09227427520615297;0.20664929595764525
The Century Co., Ltd.;002420;Entertainment;Communication Services;0.17285337147872115;0.33388200955724046;0.24066079491565046
ChinHung International, Inc.;002780;Engineering & Construction;Industrials;0.07848014750588295;0.2911866599401852;-0.17615075454699602
Daewon Cable. Co., Ltd.;006345;Electrical Equipment & Parts;Industrials;0.030542978165762513;0.38969059072939705;-0.047055681568353276
KUMHO Engineering & Construction Co., Ltd.;002990;Engineering & Construction;Industrials;0.1239652114384921;0.2988454688370902;-0.1025164308667754
Vivien Corporation;002070;Apparel Manufacturing;Consumer Cyclical;0.2776091438559325;-0.14750248898189017;0.3097169296778759
Choheung Corporation;002600;Packaged Foods;Consumer Defensive;0.11208640152349308;0.21204016675707008;0.1952663055209717
Aprogen Medicines Inc.;007460;Conglomerates;Industrials;0.04922297859032404;0.24126021270283868;-0.08996304861067952
Histeel Co.,Ltd.;071090;Steel;Basic Materials;0.12236909945822644;0.04403518652984059;-0.1539963698217031
KUMHO Engineering & Construction Co., Ltd.;002995;Engineering & Construction;Industrials;0.11916136247145948;0.46605523695035145;0.029415775877520492
Dongwon Industries Co., Ltd.;006040;Food Distribution;Consumer Defensive;0.16874128353081452;-0.12736162623803987;0.0422753530653807
Automobile & PCB Inc.;015260;Electronic Components;Technology;0.07401560193767548;0.5074901709880157;-0.08670829889413562
GS Global Corp.;001250;Industrial Distribution;Industrials;0.17789993832120132;-0.04268888641069085;-0.0759157431789918
Korean Airlines Co.,Ltd.;003495;Airlines;Industrials;0.16563167519273458;0.05008504937266747;0.09001015926572853
Kyungin Electronics Co., Ltd;009140;Electronic Components;Technology;0.09194033548500835;0.1573742360650199;0.26215110418117876
Shinyoungwacoal,Inc.;005800;Apparel Manufacturing;Consumer Cyclical;0.23640011167670294;0.05497766184203856;0.3524212627354045
Miwon Commercial Co., Ltd.;002840;Chemicals;Basic Materials;0.26667557052255475;0.12610170430693943;0.4454316960317146
CS Holdings Co., Ltd.;000590;Tools & Accessories;Industrials;0.13296702849933473;-0.003400736064744947;-0.03262668516500358
Young Poong Paper Mfg Co.,Ltd.;006740;Paper & Paper Products;Basic Materials;0.1875166948651038;0.03131873433860549;0.12448915317555276
Daesang Corporation;001685;Packaged Foods;Consumer Defensive;0.0894975371089819;0.03168735749689072;0.1369379984417227
KG Dongbu Steel Co.,Ltd.;016380;Steel;Basic Materials;0.27567640978019525;0.25456864343256824;-0.07839324348552601
SK Networks Company Limited;001740;Conglomerates;Industrials;0.15706087272341318;-0.14696581290242774;-0.08707203302864991
Yuyu Pharma, Inc.;000225;Drug Manufacturers - Specialty & Generic;Healthcare;0.11620538113953283;0.09887561748328291;0.04195229000011356
Namsun Aluminum Co., Ltd.;008355;Aluminum;Basic Materials;-0.023925873322929003;0.308812107905426;-0.07890065548024786
Sajodaerim Corporation;003960;Packaged Foods;Consumer Defensive;0.07834679851766602;0.1517056102251613;0.10534016975107435
Ajin Electronic Components Co.,Ltd;009320;Auto Parts;Consumer Cyclical;0.10454606970782077;0.19199774079449386;-0.07679661482477199
Dongbu Corporation;005960;Engineering & Construction;Industrials;0.2260806715154582;0.37931754810690577;-0.033523623554967324
Woongjin Co., Ltd.;016880;Conglomerates;Industrials;0.08583743370577701;0.06322420183079855;-0.1578186732947804
Hitejinro Holdings Co., Ltd.;000145;Beverages - Brewers;Consumer Defensive;0.27442268958906446;-0.05918480479614066;0.19845318126035888
Korea Circuit Co., Ltd.;007815;Electronic Components;Technology;0.07873409665503961;0.2702558873204044;-0.057761242779608306
NCSOFT Corporation;036570;Electronic Gaming & Multimedia;Communication Services;0.06626022518733671;0.07668577109281025;-0.2111183192742605
STX Corporation;011810;Specialty Industrial Machinery;Industrials;0.014196506591555524;0.5163731031588347;-0.14791545040748452
Dongnam Chemical Co., Ltd.;023450;Chemicals;Basic Materials;0.17355938117314484;0.05789170550637465;0.14508114964645877
Sungshin Cement Co., Ltd;004985;Building Materials;Basic Materials;0.08277153236716889;0.3022285893210491;-0.02227657484911194
Kumbi Corporation;008870;Packaging & Containers;Consumer Cyclical;0.16410138715059597;0.13530777130523533;0.16266840324197795
Sam-A Aluminium Company, Limited;006110;Aluminum;Basic Materials;0.09998700564071389;-0.001744776510712226;-0.019604149550663155
Seoul Food Industrial.Co.,Ltd;004415;Packaged Foods;Consumer Defensive;-0.004588676564951544;0.29824182436833335;0.05759154623379287
Yuyu Pharma, Inc.;000227;Drug Manufacturers - Specialty & Generic;Healthcare;0.032089074661951766;0.40579841826411;0.14547628081073
Korea Line Corporation;005880;Marine Shipping;Industrials;0.08658169672689803;0.13417231872451887;-0.10798481276470706
Chonbang Co., Ltd.;000950;Textile Manufacturing;Consumer Cyclical;0.1846874565799379;0.2648565961464724;0.388402678431939
Jayjun Cosmetic Co., Ltd.;025620;Household & Personal Products;Consumer Defensive;0.008982126732116624;0.8333759145542073;0.04278426499942973
Sambu Engineering & Construction Co., Ltd;001470;Engineering & Construction;Industrials;0.2502364658432118;0.49117721602107967;-0.13132739294233237
Yuhan Corporation;000105;Drug Manufacturers - Specialty & Generic;Healthcare;0.14583831030416772;0.3375860306997157;0.5429720333984482
Tongyang Inc.;001525;Building Materials;Basic Materials;0.0799348437368192;0.4864294565951026;-0.08754576216848503
Tongyang Inc.;001520;Building Materials;Basic Materials;0.08921385639274776;0.32220914706853176;-0.11342377490927114
Aprogen Biologics Inc.;003060;Drug Manufacturers - Specialty & Generic;Healthcare;0.029875370116833277;0.6031018649027723;-0.11851909982866202
UANGEL Corporation;072130;Telecom Services;Communication Services;0.09048666817339812;0.08921432534168847;-0.08281018029193793
Tway Holdings Incorporation;004870;Building Materials;Basic Materials;-0.04298794782433529;0.5532004182692002;-0.04157946937606833
Kumkang Kind Co., Ltd.;014285;Steel;Basic Materials;-0.013091427473247264;0.2881434817132632;0.05034310987910668
Taeyang Metal Industrial Co., Ltd.;004105;Auto Parts;Consumer Cyclical;-0.0056690160050891225;0.3352035447754155;0.0249545668907788
Korea Investment Holdings Co., Ltd.;071055;Capital Markets;Financial Services;0.16384394908181543;-0.21065602356400176;0.07484594636710293
Seoul Broadcasting System;034120;Entertainment;Communication Services;0.17022107439439194;-0.15646729944058427;0.040887122145770095
Ascendio Co., Ltd.;012170;Entertainment;Communication Services;-0.095001252018312;0.7778140004262218;-0.01744197356474289
Nongshim Holdings Co.,Ltd.;072710;Packaged Foods;Consumer Defensive;0.19606283451547968;-0.19960992616702858;0.22534523355378255
NOROO Holdings Co., Ltd.;000325;Specialty Chemicals;Basic Materials;0.029671030953399236;0.2975306421836472;0.14088977552368448
Tongyang Inc.;001527;Building Materials;Basic Materials;0.05886376799765575;0.46183774730044;0.06841921571200221
Dongbu Corporation;005965;Engineering & Construction;Industrials;0.1662545905136127;0.6732089150422528;0.18372222405557037
Nexen Tire Corporation;002355;Auto Parts;Consumer Cyclical;0.199409089331698;-0.0226504158408605;-0.012432719936030241
YG Plus, Inc.;037270;Advertising Agencies;Communication Services;0.05286786814761418;0.17495212780671512;-0.060579833982394464
Hanyang Securities Co. Ltd.;001755;Capital Markets;Financial Services;0.20263782968990962;0.35645875004294525;0.47897813784066745
Kangwon Land, Inc.;035250;Resorts & Casinos;Consumer Cyclical;0.18018547712964206;-0.26313292328633087;0.04180061346179825
Hana Financial Group Inc.;086790;Banks - Regional;Financial Services;0.29323049469443263;-0.19917581068494875;-0.054919956425362425
Yuhwa Securities co.,ltd.;003465;Capital Markets;Financial Services;0.33181310224082883;0.31973256608765366;0.7159702141425418
JB Financial Group Co., Ltd.;175330;Banks - Regional;Financial Services;0.3186645756837574;-0.411178423389745;0.09727544449924314
ISU Petasys Co., Ltd.;007660;Electronic Components;Technology;0.06687060699413172;0.045198211445967085;-0.16327561047607944
ChinHung International, Inc.;002785;Engineering & Construction;Industrials;-0.05469433998667894;0.6038393713039262;-0.018341511709690443
Namkwang Engineering & Construction Co., Ltd.;001260;Engineering & Construction;Industrials;0.1697256506234851;0.5542266990713361;-0.008514986737303172
Hanil Hyundai Cement Co., Ltd;006390;Building Materials;Basic Materials;0.3102887722749078;0.30103720411374446;0.08877234969331554
Samyang Holdings Corporation;000075;Conglomerates;Industrials;0.12501299184118853;0.15183906998729327;0.29169760146162793
CROWNHAITAI Holdings Co.,Ltd.;005745;Confectioners;Consumer Defensive;0.11493461329487126;0.42873108436890783;0.04387009532669055
TS Corporation;001795;Confectioners;Consumer Defensive;0.19425867750265724;0.16323213697363684;0.40651515021111667
Namyang Dairy Products Co., Ltd;003925;Packaged Foods;Consumer Defensive;0.16293891330401533;0.4407210867320255;0.3698596779240186
HansolHomeDeco.Co., Ltd.;025750;Furnishings, Fixtures & Appliances;Consumer Cyclical;0.02217813512883754;0.03815435320736166;-0.10650919234318229
Green Cross Holdings Corporation;005257;Biotechnology;Healthcare;0.0954571955639365;0.738623061309893;0.5241452187261051
Shinpoong Pharmaceutical Co.,Ltd;019175;Drug Manufacturers - Specialty & Generic;Healthcare;0.043394623559748435;0.552377416830366;0.32607927998450265
JW Pharmaceutical Corporation;001067;Drug Manufacturers - Specialty & Generic;Healthcare;-0.04688914585916537;0.5542870533186178;0.12116384846457859
JW Pharmaceutical Corporation;001065;Drug Manufacturers - Specialty & Generic;Healthcare;-0.06122342147329479;0.5556123446178584;0.2834961693281237
Sebang Co., Ltd;004365;Integrated Freight & Logistics;Industrials;0.15327325771582478;0.00438035491671096;0.34321108241026205
Industrial Bank of Korea;024110;Banks - Regional;Financial Services;0.18755457220108473;-0.22239232404786843;0.19107159298075954
ENPLUS Co., Ltd.;074610;Farm & Heavy Construction Machinery;Industrials;-0.1020327441268104;0.6146016408836648;-0.10212691138501054
Lotte Chilsung Beverage Co., Ltd.;005305;Beverages - Non-Alcoholic;Consumer Defensive;0.12153305440481216;0.036863970731944334;0.22297936793196474
Farmsco;036580;Packaged Foods;Consumer Defensive;0.027949400024562476;0.35271206998053717;-0.056666878074030515
NPC Co., Ltd.;004255;Packaging & Containers;Consumer Cyclical;0.10368163708541023;0.07415123470563742;0.09290218089395502
Daekyo Co., Ltd.;019680;Education & Training Services;Consumer Defensive;0.22700077583146605;-0.41097121839351336;0.13521297716270225
Taihan Cable & Solution Co., Ltd.;001440;Electrical Equipment & Parts;Industrials;0.19620946633887537;0.29492581348763003;-0.18902906298718006
Daekyo Co., Ltd.;019685;Education & Training Services;Consumer Defensive;0.28038171290179315;-0.30757162486999434;0.34475929301994684
Doosan Corporation;000157;Conglomerates;Industrials;0.2287210850055379;0.35597407397534564;0.519144256069811
NICE Holdings Co., Ltd.;034310;Financial Data & Stock Exchanges;Financial Services;0.09807355065616447;-0.0057977232770487774;0.1210351441045093
Kiwoom Securities Co., Ltd.;039490;Capital Markets;Financial Services;0.06533617372755551;-0.12341922131383481;-0.22288551078339736
Nexen Corporation;005725;Auto Parts;Consumer Cyclical;0.11215698858184453;0.3858937419266705;0.4178313626726595
Sangsangin Investment & Securities Co.,Ltd.;001290;Capital Markets;Financial Services;0.05330049093911249;0.014550088958889512;-0.10879762240312055
Charm Engineering Co.,Ltd.;009310;Semiconductors;Technology;0.2849660637365071;0.37488530441041645;-0.09072610881620508
LG Display Co., Ltd.;034220;Consumer Electronics;Technology;0.014125103082787083;-0.09182036095273208;-0.1348350665587889
Development Advance Solution Co.,Ltd.;058730;Steel;Basic Materials;0.10842394649526055;-0.182352068168324;-0.08866018174741469
Telcoware Co.,Ltd.;078000;Telecom Services;Communication Services;0.13014948049955832;-0.2612733154854213;0.02859206744600807
GS Holdings Corp.;078935;Conglomerates;Industrials;0.3116426800527695;-0.42570994459557115;-0.02501826256691743
Uniquest Corporation;077500;Electronics & Computer Distribution;Technology;0.029529156858908334;-0.0816430143652375;-0.027499070086928257
GS Holdings Corp.;078930;Conglomerates;Industrials;0.1396700033444599;-0.3655084029914917;-0.18004595928318354
INFAC Corporation;023810;Auto Parts;Consumer Cyclical;0.04143497735349566;-0.08312703085007739;-0.24166684575293
Sangsin Brake Co., Ltd.;041650;Auto Parts;Consumer Cyclical;0.043131740358878234;-0.16512716651634252;-0.13166606561471633
UNID Company Ltd.;014830;Chemicals;Basic Materials;0.15722261245712277;-0.2798091700519899;0.008410401700005048
CJ CGV Co., Ltd.;079160;Entertainment;Communication Services;-0.0028764473471471486;-0.02914370257355761;-0.030877305373359816
Ilsung Construction Co., Ltd.;013360;Engineering & Construction;Industrials;0.011521074381920737;0.2376549202415383;0.22557460189544393
Able C&C Co., Ltd.;078520;Household & Personal Products;Consumer Defensive;-0.16052737626355826;0.31231655144588466;-0.1761374915391469
Iljin Diamond Co.,Ltd;081000;Tools & Accessories;Industrials;-0.058590811392008224;-0.0806540404846213;-0.20692900936073838
Bumyang Construction Co.,Ltd.;002410;Engineering & Construction;Industrials;0.07834514416389116;0.2339526636119317;0.18557572317878482
Kumho Tire Co., Inc.;073240;Auto Parts;Consumer Cyclical;0.029719391700313236;-0.03503486472974257;-0.18338285857897912
AMOREPACIFIC Group;002795;Household & Personal Products;Consumer Defensive;0.07464876620752597;0.17124659368569553;0.2674699959678014
Samho Development Co., LTD;010960;Engineering & Construction;Industrials;-0.04584733005873559;-0.16224875933459496;-0.0931125505912393
STX Engine Co.,Ltd.;077970;Specialty Industrial Machinery;Industrials;-0.08969937525947902;0.387007575149524;-0.2912484169847169
Dongil Industries Co.,Ltd.;004890;Steel;Basic Materials;0.07845376293839862;-0.2756933881719983;-0.02557508485348215
Dongyang Express Corp.;084670;Railroads;Industrials;0.05132176692877599;-0.3019718169356921;0.1077735298420899
HANMI Semiconductor Co., Ltd.;042700;Semiconductor Equipment & Materials;Technology;-0.09832410848520745;-0.001239690678423;-0.2437772589166977
E-World Co.,Ltd.;084680;Leisure;Consumer Cyclical;-0.11883740366251949;0.33172091334296383;-0.23883337739968116
Daesang Holdings Co., Ltd.;084690;Packaged Foods;Consumer Defensive;0.04850593241676027;-0.04128554913655516;-0.08597537708334235
KOAS Co., Ltd.;071950;Furnishings, Fixtures & Appliances;Consumer Cyclical;-0.16546808267325852;0.32223158785934325;-0.1637636191479409
Moorim P&P Co., Ltd.;009580;Paper & Paper Products;Basic Materials;0.04816835966879446;-0.193754874830362;0.02915661250404114
Saeron Automotive Corporation;075180;Auto Parts;Consumer Cyclical;-0.031902502777390096;-0.44296910016598007;0.06398158804741869
Daehan Steel Co., Ltd.;084010;Steel;Basic Materials;-0.019589462243765454;-0.01065699527766828;-0.2223556070487561
Hyundai Livart Furniture Company Limited;079430;Furnishings, Fixtures & Appliances;Consumer Cyclical;-0.042702804510667325;0.08754484029958046;-0.031658443373453304
SG Global Co.,Ltd.;001380;Auto Parts;Consumer Cyclical;-0.08969740231240114;0.4217404298426972;-0.11822512746856784
Green Chemical Co., Ltd.;083420;Specialty Chemicals;Basic Materials;-0.030178938892358287;-0.18582437996679005;0.08458654820273129
TBH Global Co., Ltd;084870;Apparel Manufacturing;Consumer Cyclical;-0.19139402191813104;0.15053531379392818;-0.23616725753324677
Daesang Holdings Co., Ltd.;084695;Packaged Foods;Consumer Defensive;-0.08064698123524316;-0.032192234965818634;0.04939623816845581
Hyundai Glovis Co., Ltd.;086280;Integrated Freight & Logistics;Industrials;-0.08245844148443515;-0.1981053234320197;-0.1303031894137548
Cheil Grinding Wheel Ind. Co., Ltd.;001560;Tools & Accessories;Industrials;0.01772827490470341;-0.18857309169350472;0.05380883641009899
Lotte Shopping Co., Ltd.;023530;Department Stores;Consumer Cyclical;0.018009716615224935;-0.28092844132803657;0.1576648634680637
Sebang Co., Ltd;004360;Integrated Freight & Logistics;Industrials;0.05747245702193038;0.3545106896699579;0.7905985260663965
Jindo.Co., Ltd.;088790;Apparel Manufacturing;Consumer Cyclical;-0.14457012797367255;0.23406025872478278;-0.17667089876852624
SHINSEGAE Information & Communication Inc.;035510;Information Technology Services;Technology;-0.008139772603285023;-0.18239942248311122;-0.043943068108413204
Woojin Plaimm Co., Ltd.;049800;Specialty Industrial Machinery;Industrials;-0.10951377245273658;0.0023351659080182996;-0.23766827325029857
Pyung Hwa Industrial Co., Ltd.;090080;Auto Parts;Consumer Cyclical;-0.16764987699785697;0.015489048078265316;-0.21048370841870748
NOROO PAINT & COATINGS Co., Ltd.;090350;Specialty Chemicals;Basic Materials;-0.08085696546117621;0.011847468387561316;-0.21927385526385068
Amorepacific Corporation;090430;Household & Personal Products;Consumer Defensive;-0.09247936854022787;-0.20637996247726917;0.19378624974525532
Amorepacific Corporation;090435;Household & Personal Products;Consumer Defensive;-0.12509090492503525;-0.15016250811920925;0.06716093905044673
NOROO PAINT & COATINGS Co., Ltd.;090355;Specialty Chemicals;Basic Materials;-0.09626261836309785;0.12955999937222132;0.0016248632562821247
HDC Hyundai Engineering Plastics Co., Ltd.;089470;Auto Parts;Consumer Cyclical;-0.17001558839168432;-0.18818808101231516;-0.18985505097889205
KPX Holdings Co., Ltd.;092230;Conglomerates;Industrials;-0.01230734862165972;-0.3981476545298642;0.1329756383556049
Kec Corporation;092220;Semiconductor Equipment & Materials;Technology;-0.23443526593395547;0.12112394020829334;-0.09976228647848484
Incheon City Gas Co., Ltd.;034590;Utilities - Regulated Gas;Utilities;0.12763870338797134;-0.41316762284844505;0.4390086539610259
JOOYONTECH CO., Ltd;044380;Computer Hardware;Technology;-0.13007282328100148;0.25343219843038467;-0.2677621015414137
Sam Jung Pulp Co.,Ltd.;009770;Paper & Paper Products;Basic Materials;-0.06592955994137556;-0.3701438115831419;0.22012755295709216
LF Corp.;093050;Apparel Manufacturing;Consumer Cyclical;-0.07685408962774781;-0.3839076853146021;-0.031230876895792188
Lotte Tour Development Co., Ltd.;032350;Resorts & Casinos;Consumer Cyclical;-0.2001377887552753;0.11962521309485027;-0.023010187619806728
Cosmax BTI, Inc.;044820;Packaged Foods;Consumer Defensive;-0.2686602313533313;0.19732041997770763;-0.18634505356900155
Metalabs Co., Ltd.;090370;Apparel Manufacturing;Consumer Cyclical;-0.19756355338746615;0.19415961609869073;-0.0998669695092623
Foosung Co., Ltd.;093370;Chemicals;Basic Materials;-0.20045290587305464;0.08456898733475068;-0.4329736756061204
ChinHung International, Inc.;002787;Engineering & Construction;Industrials;-0.3080831271572524;0.35852801086883745;-0.06258448209964004
Woongjin Thinkbig Co., Ltd.;095720;Publishing;Communication Services;-0.20342511360987667;0.0245696863770149;-0.09438522268614236
Aluko Co., Ltd.;001780;Aluminum;Basic Materials;-0.2514353007010608;0.10047379275459542;-0.27806069968261365
Samsung Card Co., Ltd.;029780;Credit Services;Financial Services;0.011481657765955;-0.34974659442605416;0.010119888134649983
SK Innovation Co., Ltd.;096770;Oil & Gas Refining & Marketing;Energy;-0.20699489520645267;-0.06017466948078512;-0.4031172632934163
SK Innovation Co., Ltd.;096775;Oil & Gas Refining & Marketing;Energy;-0.028456496877952153;-0.5096727231628757;-0.05405022140678351
JW Holdings Corporation;096760;Drug Manufacturers - Specialty & Generic;Healthcare;-0.21360171513089787;0.05189399845221718;-0.27966824048050026
HJ Shipbuilding & Construction Co., Ltd.;097230;Engineering & Construction;Industrials;-0.28968868303138784;0.032941663405477245;-0.45764270417125835
CJ Cheiljedang Corporation;097950;Packaged Foods;Consumer Defensive;-0.2335968542282335;-0.33546862628678764;0.0018658176050327137
CJ Cheiljedang Corporation;097955;Packaged Foods;Consumer Defensive;-0.0751285364321495;-0.32131623455148206;0.14828962504868626
Hyosung ITX Co. Ltd;094280;Information Technology Services;Technology;-0.3114456205158298;-0.14015822736382066;-0.28900415211129765
DAE-IL Corporation;092200;Auto Parts;Consumer Cyclical;-0.239315061504391;0.054581975477235506;-0.34679874511825065
Kishin Corporation;092440;Metal Fabrication;Industrials;-0.10883423354349703;-0.4919686880784886;-0.017234499298503923
KSS Line Ltd.;044450;Marine Shipping;Industrials;-0.24112301549101064;-0.29389655302515033;0.0023476529362589996
Daishin Securities Co.,Ltd;003547;Capital Markets;Financial Services;0.16352330023862705;-0.5610351159896352;0.25699942040907575
KEPCO Plant Service & Engineering Co.,Ltd.;051600;Engineering & Construction;Industrials;-0.23529298284150463;-0.21530265115169983;-0.0820026345580504
NK Co., Ltd.;085310;Specialty Industrial Machinery;Industrials;-0.266924406035441;0.18027732878953687;-0.26625579822034695
Pan Ocean Co., Ltd.;028670;Marine Shipping;Industrials;-0.24711780062461813;0.10729514103045204;-0.24019779968812552
Chinyang Holdings Corp.;100250;Specialty Chemicals;Basic Materials;-0.23962741240885738;-0.3164200782590878;-0.09517709529041468
SNT Energy Co., Ltd.;100840;Specialty Industrial Machinery;Industrials;-0.22277106391115373;-0.119739331422545;-0.2811070594759673
Asiana Airlines, Inc.;020560;Airlines;Industrials;-0.14164925569517212;-0.21272464104282046;-0.2251382011389064
Visang Education Inc;100220;Publishing;Communication Services;-0.26467205763051305;-0.07071948692940827;-0.054266462003045295
MYUNGMOON Pharm co.,Ltd;017180;Drug Manufacturers - Specialty & Generic;Healthcare;-0.3381483211097252;0.21306872409564878;-0.17661841815309956
DONGSUNG CHEMICAL Co., Ltd.;102260;Chemicals;Basic Materials;-0.31858741747905184;-0.16235082627833672;-0.11053207991743061
LG Innotek Co., Ltd.;011070;Electronic Components;Technology;-0.29772237182180405;-0.13569463880668053;-0.156935599976808
Poongsan Corporation;103140;Metal Fabrication;Industrials;-0.2945388576485863;-0.27448015129660874;-0.29767443063243937
Iljin Electric Co.,Ltd;103590;Electrical Equipment & Parts;Industrials;-0.2638039434846387;-0.2597627615762886;-0.23957543648638144
KISCO Corp.;104700;Steel;Basic Materials;-0.23547501096382492;-0.18442816111905727;-0.23890510135955803
Bookook Steel Co., Ltd.;026940;Steel;Basic Materials;-0.14384460181310005;-0.39884238029256436;-0.10173104522657556
NAVER Corporation;035420;Internet Content & Information;Communication Services;-0.30084815732285275;-0.17685497508130724;0.01193999801918628
Miwon Holdings Co., Ltd.;107590;Specialty Chemicals;Basic Materials;-0.19631429749430454;-0.4201730721569686;-0.01650962427246111
Hansae Co., Ltd.;105630;Apparel Manufacturing;Consumer Cyclical;-0.3827874571906789;-0.022617534285134272;-0.09565235516934453
LX Hausys, Ltd.;108675;Building Products & Equipment;Industrials;-0.2214273276829219;-0.1951093337059735;0.033572308887954844
LX Hausys, Ltd.;108670;Building Products & Equipment;Industrials;-0.27851090791295763;-0.17471321499542092;-0.08596654969311551
Joosung Corperation;109070;Communication Equipment;Technology;-0.3417657360027487;0.529930336152041;-0.18169649216802086
Dong-Ah Geological Engineering Company Ltd.;028100;Engineering & Construction;Industrials;-0.24618043101478387;-0.32609646446514595;-0.01923033885115999
HanmiGlobal Co., Ltd.;053690;Engineering & Construction;Industrials;-0.2065502300149646;-0.1894637296942062;-0.04676536118258217
INBIOGEN Co., Ltd.;101140;Footwear & Accessories;Consumer Cyclical;-0.4218198086099028;0.5278208645545335;-0.2825903350101414
Youngone Corporation;111770;Apparel Manufacturing;Consumer Cyclical;-0.3461027562140592;-0.20433401008019667;-0.15563595372976582
hyungji Elite Co., Ltd.;093240;Apparel Manufacturing;Consumer Cyclical;-0.36140506020123364;0.10794465665572014;-0.25097132308060377
Tong Yang Life Insurance Co., Ltd.;082640;Insurance - Life;Financial Services;-0.29713985799398823;-0.3432736002890129;0.07014974602456389
HITEJINRO Co., Ltd.;000080;Beverages - Wineries & Distilleries;Consumer Defensive;-0.2599647858149022;-0.3263591287916723;0.15184643696044864
Union Materials Corp.;047400;Tools & Accessories;Industrials;-0.36675817007968464;-0.14503085716689074;-0.18256193606660506
Hwang Kum Steel & Technology Co., Ltd;032560;Steel;Basic Materials;-0.23465271745179564;-0.28807524952440755;-0.061666742952084526
SK Inc.;034730;Conglomerates;Industrials;-0.33656737931515013;-0.2654585961928513;-0.0459333791047355
Grand Korea Leisure Co., Ltd.;114090;Resorts & Casinos;Consumer Cyclical;-0.4240858997264192;-0.0997724778420288;-0.08481699221534991
KEPCO Engineering & Construction Company, Inc.;052690;Engineering & Construction;Industrials;-0.419431752072746;-0.17287449626907125;-0.20799079744532767
Korea District Heating Corp.;071320;Utilities - Renewable;Utilities;-0.2536320763450295;-0.40950053705675515;0.027311128752867835
Kolon Industries, Inc.;120115;Chemicals;Basic Materials;-0.34512745132307365;-0.338957697756292;-0.08267485805031896
Kolon Industries, Inc.;120110;Chemicals;Basic Materials;-0.3738821178637559;-0.23124819848408895;-0.2876925326835239
KC Cottrell Co., Ltd.;119650;Pollution & Treatment Controls;Industrials;-0.4019578705802231;-0.08555415451349607;-0.20417225855288354
METACARE CO., Ltd.;118000;Drug Manufacturers - General;Healthcare;-0.4412848026299738;0.3802440373673154;-0.2276392049810654
Youngwire Co., Ltd.;012160;Steel;Basic Materials;-0.388457393271883;-0.13578320009502123;0.010035143308965183
CHOSUN WELDING POHANG Co., Ltd;120030;Tools & Accessories;Industrials;-0.30298493542327926;-0.3358857919650099;-0.11121481764298363
Hanwha Life Insurance Co., Ltd.;088350;Insurance - Life;Financial Services;-0.1850496486807973;-0.5447037119594822;0.06038622365979342
HD-Hyundai Marine Engine Co., Ltd.;071970;Specialty Industrial Machinery;Industrials;-0.4114940581164219;0.32233928305390247;-0.3223410509364502
Samsung Life Insurance Co., Ltd.;032830;Insurance - Life;Financial Services;-0.14918657170513594;-0.4121704553897483;0.3296240653334217
SJM Co., Ltd.;123700;Auto Parts;Consumer Cyclical;-0.34419125253752586;-0.36781723874929073;-0.061250133692681334
Hankook Cosmetics Co., Ltd.;123690;Household & Personal Products;Consumer Defensive;-0.49429087267535143;0.15425860862189036;-0.19627810632017456
REYON Pharmaceutical Co., Ltd.;102460;Drug Manufacturers - Specialty & Generic;Healthcare;-0.5541910359851465;0.08455280429229697;-0.23665836941688792
HL Holdings Corporation;060980;Auto Parts;Consumer Cyclical;-0.4120455269368872;-0.20704819630211121;-0.1735655656748439
Woojin Inc.;105840;Scientific & Technical Instruments;Technology;-0.35527731085479397;-0.42656747848703136;-0.00995616397830245
Hanmi Pharm. Co., Ltd.;128940;Drug Manufacturers - Specialty & Generic;Healthcare;-0.5328075006193518;0.08739070579630318;-0.19161186333834254
iMarketKorea Inc.;122900;Specialty Business Services;Industrials;-0.4608063939581289;-0.10274681462935005;-0.1705675210014044
Daesung Industrial Co., Ltd.;128820;Oil & Gas Refining & Marketing;Energy;-0.4018099000846723;0.004132740234176729;-0.1630679209276387
Dohwa Engineering Co., Ltd.;002150;Engineering & Construction;Industrials;-0.4391072386090009;-0.3213820530921373;0.19361310494506082
Hyundai Home Shopping Network Corporation;057050;Internet Retail;Consumer Cyclical;-0.41064184753008826;-0.34403192891649004;0.017814852473605085
ktcs corporation;058850;Specialty Business Services;Industrials;-0.3491353241386129;-0.4456096538437605;-0.08982897448321661
FILA Holdings Corporation;081660;Leisure;Consumer Cyclical;-0.4237053777150929;-0.38026791539637733;0.01907810014219782
LVMC Holdings;900140;Auto Manufacturers;Consumer Cyclical;-0.5680497637100753;0.023356012237061463;-0.22270306718743876
Korea Electric Power Industrial Development Co., Ltd;130660;Utilities - Regulated Electric;Utilities;-0.43946291977632324;-0.31475407941896616;-0.054344863077335916
KTIS Corporation;058860;Telecom Services;Communication Services;-0.3917793599885863;-0.19412688043578696;-0.2131839169554258
Hyundai Futurenet Co., Ltd.;126560;Entertainment;Communication Services;-0.47402502031679916;-0.19680018902500326;-0.12414155606050392
Daesung Energy Co., Ltd.;117580;Utilities - Regulated Gas;Utilities;-0.2805910393544029;-0.5464901890596862;0.05923365197154382
Hanwha Engine Co., Ltd.;082740;Specialty Industrial Machinery;Industrials;-0.4250035117136805;-0.126409891835005;-0.3110938007055572
Sunjin Co.,Ltd.;136490;Farm Products;Consumer Defensive;-0.5245664007959194;-0.15095273381529123;-0.1738652592158161
Hyundai Wia Corporation;011210;Auto Parts;Consumer Cyclical;-0.37265644494572625;-0.22880420282598568;-0.054650396170313
LS Networks Corporation Limited;000680;Specialty Retail;Consumer Cyclical;-0.3267803446957962;0.25663543481720674;0.5128782001744513
Sidiz.Inc.;134790;Furnishings, Fixtures & Appliances;Consumer Cyclical;-0.5617454651510554;0.1017073955703521;-0.10320317125354742
Lotte Energy Materials Corporation;020150;Electrical Equipment & Parts;Industrials;-0.5960111416263754;0.11434287599393925;-0.12874207805457535
Miwon Chemicals Co., Ltd.;134380;Chemicals;Basic Materials;-0.4270713610926093;-0.26914078703851824;0.006333984959747779
Korea Engineering Consultants Corp.;023350;Engineering & Construction;Industrials;-0.48742830227800615;-0.08876183709948092;-0.05479267763151171
Meritz Financial Group Inc.;138040;Asset Management;Financial Services;-0.4291888322347036;-0.31626692503367826;-0.09389103119988737
SeAH SPECIAL STEEL CO., LTD.;019440;Steel;Basic Materials;-0.3974638093524033;-0.3304981728880815;0.17843314767204355
KT Skylife Co., Ltd.;053210;Broadcasting;Communication Services;-0.5320701634362295;-0.23781646018271219;-0.08771218242450093
E-MART Inc.;139480;Discount Stores;Consumer Defensive;-0.3937248796255069;-0.489732348241281;0.1669393929736786
Kolon ENP;138490;Specialty Chemicals;Basic Materials;-0.5284967338332855;-0.22586536509024213;-0.24722029291174766
Hansaemk Co.,Ltd.;069640;Apparel Manufacturing;Consumer Cyclical;-0.62623485202069;0.17483544345440147;-0.19865758878082712
Korea Aerospace Industries, Ltd.;047810;Aerospace & Defense;Industrials;-0.4765585309834365;-0.20226245733799858;-0.1806385748504098
LOTTE Himart Co.,Ltd.;071840;Specialty Retail;Consumer Cyclical;-0.4494758966223869;-0.3581202570571311;-0.05453924243481296
Shinsegae International Co., Ltd.;031430;Apparel Retail;Consumer Cyclical;-0.5458628558603182;-0.08056571970273012;-0.004111993484789075
SAMWONSTEEL Co.,Ltd.;023000;Steel;Basic Materials;-0.40298686253164845;-0.4750921556061727;0.01730138730958709
HITEJINRO Co., Ltd.;000087;Beverages - Wineries & Distilleries;Consumer Defensive;-0.20412547085268026;-0.5580666134463856;0.49879111484109195
Samyang Corporation;145990;Packaged Foods;Consumer Defensive;-0.5224466140076709;-0.2553264640242165;-0.07900783697531194
Samyang Corporation;145995;Packaged Foods;Consumer Defensive;-0.4653882805909735;-0.038718149346645414;0.12799634849541797
GS Retail Co., Ltd.;007070;Department Stores;Consumer Cyclical;-0.5069541314203276;-0.17388021993173502;0.015403005965353708
Intergis Co., Ltd;129260;Integrated Freight & Logistics;Industrials;-0.550062444739218;-0.20707222914217202;-0.06616126729593536
K-TOP Reits Co.,Ltd.;145270;REIT - Diversified;Real Estate;-0.4314268442754662;-0.17266668822391146;0.09891065156724652
Huvis Corporation;079980;Textile Manufacturing;Consumer Cyclical;-0.4996984633231149;-0.4572227109795193;0.007938823948220987
SAJO SEAFOOD Co.,Ltd;014710;Packaged Foods;Consumer Defensive;-0.5719576081357669;-0.14452049661550775;-0.19645821477073455
Hankook Tire & Technology Co., Ltd.;161390;Auto Parts;Consumer Cyclical;-0.46175664973631203;-0.345268580957933;0.002037097914022925
Aekyungchemical Co., Ltd.;161000;Specialty Chemicals;Basic Materials;-0.5617027028870865;-0.24261644885391448;-0.08303863757877122
DRB Industrial Co., Ltd.;163560;Auto Parts;Consumer Cyclical;-0.5590339347937329;-0.29497147681439506;-0.1124379076626566
Kolmar Korea Co., Ltd.;161890;Household & Personal Products;Consumer Defensive;-0.7716404711224669;-0.07889569614377243;-0.10298424176219925
GMB Korea Corp.;013870;Auto Parts;Consumer Cyclical;-0.47510981377577743;-0.3948544123845382;-0.05469940866991666
LG HelloVision Corp.;037560;Broadcasting;Communication Services;-0.6923837955182146;-0.17984167218131952;-0.049554089888491824
Dong-A ST Co., Ltd.;170900;Drug Manufacturers - Specialty & Generic;Healthcare;-0.787242495947481;-0.10443642368310412;-0.06762816591218376
DSR Corp;155660;Textile Manufacturing;Consumer Cyclical;-0.5818930053825296;-0.369689509427221;0.07276937108110182
NHN Corporation;181710;Electronic Gaming & Multimedia;Communication Services;-0.8480986482031236;-0.05505396320079228;-0.111095829539479
Hanjin Kal;180640;Lodging;Consumer Cyclical;-0.814690046107789;0.08223410130442313;-0.22908470620736424
Hyundai Rotem Company;064350;Railroads;Industrials;-0.7833181029228776;-0.2545484814883519;-0.05706709081215953
Asia Cement Co.,Ltd.;183190;Building Materials;Basic Materials;-0.8024394279532168;-0.2748332832970191;-0.044862537373183305
Singsong Holdings Co.,Ltd.;006880;Conglomerates;Industrials;-0.6955888706336908;-0.3026264731212593;0.21999304988676655
Chong Kun Dang Pharmaceutical Corp.;185750;Drug Manufacturers - Specialty & Generic;Healthcare;-0.8826716609002049;-0.011444546634524988;-0.01735520382819436
Cosmax, Inc.;192820;Household & Personal Products;Consumer Defensive;-1.023166967730052;0.06104040243321593;0.00620412699847581
BGF Co., Ltd.;027410;Specialty Chemicals;Basic Materials;-0.9444843352912448;0.10106875840405774;-0.09595637547137714
Fine besteel. Co., Ltd.;133820;Steel;Basic Materials;-0.8676345513581847;-0.0008726484486983876;-0.14906068006183268
Cuckoo Holdings Co., Ltd.;192400;Furnishings, Fixtures & Appliances;Consumer Cyclical;-1.008244068797835;-0.07592952211066979;-0.05512141878701839
Seoyon E-Hwa Co., Ltd.;200880;Auto Parts;Consumer Cyclical;-0.9256033408394831;-0.15030354152620523;-0.09077895045157591
HL Mando Corporation;204320;Auto Parts;Consumer Cyclical;-0.9794586012366611;-0.26764831171064324;-0.050142748711160735
Samsung SDS Co.,Ltd.;018260;Information Technology Services;Technology;-0.9251154761560965;0.0036861079269556174;-0.010531289442151051
CS Wind Corporation;112610;Specialty Industrial Machinery;Industrials;-1.0540125595670276;0.0894615681246049;0.018027042368784784
Samsung C&T Corporation;028260;Engineering & Construction;Industrials;-0.7050011340308985;-0.1434540328685066;0.00430595948195801
DY Power Corporation;210540;Farm & Heavy Construction Machinery;Industrials;-0.9781287669243369;-0.21723882308148104;-0.09128594189773442
Hansol Paper Co., Ltd.;213500;Paper & Paper Products;Basic Materials;-0.9108058213019171;-0.30354948566817647;-0.01107573181216398
Dynamic Design Co., LTD.;145210;Specialty Industrial Machinery;Industrials;-0.8347006397496723;-0.3235712518697306;0.022602808138970462
SK D&D Co. Ltd.;210980;Real Estate - Diversified;Real Estate;-1.2745910338023716;0.007946189000662518;-0.23927744130529097
Kyongbo Pharmaceutical Co., Ltd;214390;Drug Manufacturers - Specialty & Generic;Healthcare;-1.365107853289628;-0.007150128053281191;-0.1668687673800905
MIRAE ASSET Life Insurance Co., Ltd.;085620;Insurance - Life;Financial Services;-0.7332422600617243;-0.5786961394367685;-0.04221539353830984
Tonymoly Co., Ltd;214420;Household & Personal Products;Consumer Defensive;-1.3122229773836664;0.05050338155576345;-0.07666889493046156
Innocean Worldwide Inc.;214320;Advertising Agencies;Communication Services;-1.0397558457756844;-0.26605630964075677;0.13760987863507443
AJ Networks Co.,Ltd.;095570;Rental & Leasing Services;Industrials;-1.1522870406778547;-0.02334818420275786;-0.15647295464166106
Dong Il Steel Mfg Co.,Ltd;002690;Steel;Basic Materials;-0.6995031374852179;-0.5292503960875699;-0.14167161178577004
HDC I-Controls Co., Ltd.;039570;Electronic Components;Technology;-1.1594923729623452;-0.06016449033355792;-0.1764293007094077
LIG Nex1 Co., Ltd.;079550;Aerospace & Defense;Industrials;-1.32838243538927;0.08172458984486367;-0.14772555316145689
HYUNDAI CORPORATION HOLDINGS Co., Ltd.;227840;Food Distribution;Consumer Defensive;-1.4160337853475164;0.11929769788786801;-0.11277749858791244
Jeju Air Co., Ltd.;089590;Airlines;Industrials;-1.2612192397022723;-0.04084820342435977;-0.26041951092902155
Kumho HT, Inc.;214330;Auto Parts;Consumer Cyclical;-1.2041092247530307;-0.25883276181869136;0.07666230089162004
Sejin Heavy Industries Co., Ltd.;075580;Marine Shipping;Industrials;-1.1876152322794513;0.003653542415827604;-0.1005870526909633
It'S Hanbul Co., Ltd.;226320;Household & Personal Products;Consumer Defensive;-1.4751323032811166;0.15165462647959418;0.07093132927474168
JS Corporation;194370;Footwear & Accessories;Consumer Cyclical;-1.495341834385676;0.32946363219759367;0.32362574143469297
SAMIL C&S Co., Ltd.;004440;Building Materials;Basic Materials;-1.3991570297697535;0.053908287323108206;-0.05739934343258487
Haitai Confectionery&Foods Co.,ltd.;101530;Packaged Foods;Consumer Defensive;-1.8650956676372217;0.2785544516563565;0.32380439440968267
Mona Yongpyong Co.,Ltd;070960;Resorts & Casinos;Consumer Cyclical;-1.665317646120251;0.06804556919425256;0.36763772994790705
HAESUNG DS Co., Ltd.;195870;Semiconductor Equipment & Materials;Technology;-1.626184305048322;0.2406756323238873;0.5749131584827848
KOREIT;034830;REIT - Diversified;Real Estate;-1.3491960315958909;-0.10088579566531881;-0.31965613092475714
Korea Asset In Trust Co., Ltd;123890;REIT - Diversified;Real Estate;-1.6577587686590078;0.2572893359752889;0.5324660648565593
Dong Suh Companies Inc.;026960;Food Distribution;Consumer Defensive;-0.8648451915022898;-0.6397453323900499;-0.07650442776172209
DUAL Co., Ltd.;016740;Auto Parts;Consumer Cyclical;-1.548488061259818;-0.2533651423947009;0.1809291646303628
Sempio Foods Company;248170;Packaged Foods;Consumer Defensive;-1.8428988166678724;0.8164159801221037;1.5398319094031736
Ildong Pharmaceutical Co., Ltd.;249420;Drug Manufacturers - Specialty & Generic;Healthcare;-2.3477985142046887;0.3206409838612786;1.9204978112509363
